2946275129,Cyber Security Analyst,set()
2955587152,Cyber Security Intern,set()
2959462694,Security Analyst,set()
2946268950,Cybersecurity Specialist,set()
2912949891,Remote Internship, Cybersecurity Architecture,set()
2959440745,Security Operations Analyst - 100% Remote, CyberSecurity,set()
2939992553,Cybersecurity Intern,set()
2948152274,Cyber Security Specialist,set()
2889655127,Cybersecurity and Information Security Internships,set()
2946266709,Security Analyst,set()
2928458960,Intern - Cyber Security & Defense - Corporate Services,set()
2936162364,Cybersecurity Intern,set()
2935925855,Cybersecurity Intern,set()
2958326094,Jr. Security Engineer,{'AWS', 'GCP', 'AZ-900', 'AZURE'}
2959429836,Cyber Security Engineer,{'AWS', 'GCP', 'AZ-900', 'AZURE'}
2923844034,2022 Cybersecurity Summer Worker,set()
2949058142,Security Analyst,{'CISSP', 'CCSK', 'CCAK'}
2950403531,Information Security Analyst Intern,set()
2946283649,Security Operations Center Analyst,set()
2935947628,Intern, Cyber Security,set()
2959441117,Junior SOC Analyst,set()
2946871767,Cybersecurity Intern,{'CSF', 'CMMC', 'ISO', 'DFARS', 'GDPR', 'NIST'}
2958147506,Security Operations Center Analyst,{'CSF', 'CMMC', 'ISO', 'DFARS', 'GDPR', 'NIST'}
2816519565,Cybersecurity,set()
2891061473,Cybersecurity Intern,set()
2911541473,Intern, Cyber Security,set()
2959567710,Information Security Engineer,set()
2928825614,Cyber Security Specialist,{'GIAC', 'Security+', 'Net+', 'CEH', 'Linux+', 'CCNA', 'ETC', 'SSCP', 'CISSP'}
2945696198,Intern - Cybersecurity,set()
2940665351,Intern - Cybersecurity - Security Operations and Threat Intelligence (NJUS),set()
2935862187,Intern-Cybersecurity Admin,set()
2896753448,Cybersecurity Specialist,set()
2959438340,Junior SOC Analyst,{'Security+', 'CompTIA', 'ITIL', 'CEH', 'SIEM', 'CISSP'}
2912326905,Cybersecurity Manager (Remote),set()
2942951056,2022 Cybersecurity Engineering Summer Plus Semester Intern,set()
2959726929,Information Security Manager,set()
2939728102,Cybersecurity Specialist,set()
2942311707,Paid Part-Time Cybersecurity Intern,set()
2946259536,Information Technology Security Analyst,{'GIAC', 'CASP', 'SAN', 'CySa+', 'GPEN', 'GCIH', 'GSEC'}
2958146396,Cybersecurity Consultant - Incident Response and Forensics,{'SANS', 'PCI', 'CISM', 'CISA', 'CEH', 'QSA', 'GSEC', 'CISSP'}
2948863951,Security Operations Center Analyst,set()
2959462756,Cyber Security Analyst,set()
2915300779,Cybersecurity Intern,set()
2959413169,Cyber Security Engineer,set()
2954895386,Cyber Threat Intelligence Analyst,{'GCIH', 'CEH', 'GCTI'}
2954895386,Cyber Threat Intelligence Analyst,{'GCIH', 'CEH', 'GCTI'}
2955740242,Cyber Security Engineer,set()
2925239249,Public Notice for Authorized Cybersecurity Positions,set()
2889656056,Cyber and Information Security New Graduate positions,set()
2955596296,Cybersecurity Engineer (Onsite),set()
2758733979,2022 Campus FT: Cybersecurity,set()
2955722626,Information Security Analyst,set()
2950714388,Remote Jr. SOC Analyst,set()
2946050377,Information Security Engineer,{'OSS'}
2959752414,Cyber Security Engineer,{'OSS'}
2954897194,Cyber Threat Intelligence Analyst,{'OSS'}
2959415388,IT CYBERSECURITY SPECIALIST (SYSANALYSIS/INFOSEC),{'OSS'}
2946050391,Information Security Engineer,{'OSS'}
2935570371,Cyber Security Architecture and Engineering Intern,{'OSS'}
2954897191,Cyber Threat Intelligence Analyst,{'OSS'}
2948313395,Cybersecurity Analyst,{'OSS'}
2954891876,Cybersecurity Mobile Device Management,{'OSS'}
2912323812,Cybersecurity Engineer II (Remote),{'OSS'}
2946497761,Junior Cyber Security Analyst,{'OSS'}
2959440890,Information Security Threat Analyst,{'OSS'}
2959741361,SIEM Analyst,{'OSS'}
2851352289,CYBERSECURITY ANALYST - CSIRT,{'OSS'}
2938117694,Associate, Cybersecurity Analytics,{'OSS'}
2946860296,Vulnerability Analyst - Cyber Security Defense - B5,{'OSS'}
2888279122,Cybersecurity Analyst, Junior,{'OSS'}
2959431061,Information System Security Engineer,{'OSS'}
2946053261,Information Security Engineer,{'OSS'}
2950302818,Cybersecurity Analyst,{'OSS'}
2912323952,Staff Cybersecurity Engineer (Remote),{'OSS'}
2942327529,Cybersecurity Intern,{'OSS'}
2912483758,Contract CyberSecurity and IT Positions,{'OSS'}
2954896194,Cyber Threat Intelligence Analyst,{'OSS'}
2950098911,Cybersecurity Analyst,set()
2941663768,Junior Cybersecurity Engineer,set()
2866426715,Incident Response Specialist / Junior Cybersecurity Opportunity,set()
2952496598,IT Security Specialist,set()
2949373604,SOC Analyst Intern,set()
2898328145,Cybersecurity and Privacy Associate - Summer 2022,set()
2901098115,Cybersecurity Intern - SkillBridge,{'IAT', 'CEH', 'Sec+', 'IAM'}
2946282469,Information Security Analyst,{'CISA', 'CCSFP', 'CISSP', 'CISM'}
2929746191,Senior Cybersecurity Analyst- Insider Threat (Full-Time Remote or Hybrid),set()
2946054258,Information Security Engineer,set()
2946052298,Information Security Engineer,set()
2958559513,Cyber Security Analyst,set()
2959743640,Information Security Analyst,set()
2925481142,Cybersecurity Data Protection Manager (REMOTE),set()
2950098902,Cybersecurity Analyst,set()
2950307063,Cybersecurity Analyst,set()
2895441668,Cybersecurity Specialist,set()
2959287650,Cyber Security Analyst,set()
2950302600,Cybersecurity Analyst,set()
2950306026,Cybersecurity Analyst,set()
2925238340,Public Notice for Information Technology (IT) Cybersecurity Specialist Positions,set()
2948895845,SOC Analyst- Morrisville, NC,set()
2954891964,Cyber Threat Intelligence Analyst,set()
2954897209,Cybersecurity Splunk Engineer,set()
2954894622,Cybersecurity Mobile Device Management,set()
2925232891,Public Notice for Information Technology (IT) Cybersecurity Specialist Positions,set()
2954892693,Cyber Threat Intelligence Analyst,set()
2958258717,Cyber Security Analyst,set()
2930280270,Cybersecurity Operations Center Analyst,set()
2945658888,Information Security Engineer,set()
2944230847,Entry Level Cybersecurity Analyst,set()
2871568696,Cybersecurity Analyst - CSIRT,set()
2948115398,Security Compliance Analyst,set()
2948135920,Cyber Security Analyst,set()
2912800486,Cybersecurity Compliance Specialist,set()
2954893710,Cybersecurity Splunk Engineer,set()
2950303291,Cybersecurity Analyst,set()
2950303395,Cybersecurity Analyst,set()
2940019002,Cyber Security,set()
2959596102,Information Security Manager,set()
2942945971,Cybersecurity Project Manager,set()
2900016800,Cybersecurity Project Manager,set()
2944987280,Cyber Security Analyst,set()
2954897111,Cybersecurity Mobile Device Management,set()
2954896196,Cyber Threat Intelligence Analyst,set()
2921858170,Network Engineer Cybersecurity,set()
2948906162,Cybersecurity Intern,set()
2948905263,Cybersecurity Intern,set()
2950672248,IAM Security Administrator,set()
2925236569,Public Notice for Authorized Cybersecurity Positions,set()
2946005483,Security Analyst,set()
2955713718,Senior Cybersecurity Analyst,set()
2954829995,Network Security Engineer,set()
2912114938,Cybersecurity Co-op Summer/Fall 2022,set()
2815307450,Data Privacy & Cybersecurity Analyst,set()
2955594948,Sr. Manager, Cybersecurity,set()
2955711880,Cloud Cyber Security Engineer,set()
2941135507,Cybersecurity Operations Analyst,set()
2921850193,Technical Expert, Cybersecurity,set()
2934667915,Cybersecurity Awareness Analyst,set()
2955731983,Cyber Security Engineer,set()
2945298495,Cyber Security Analyst,set()
2946291518,IT Security Analyst,set()
2955736072,Cyber Security Analyst (SIEM IDS Incident Response) - REMOTE,set()
2951788027,SOC Analyst,set()
2879970555,Technical Expert - Cybersecurity Crypto/PKI (REMOTE),set()
2903418426,Cybersecurity Test Engineer, Junior,{'CISA', 'Security+', 'CEH', 'CISSP'}
2959701051,Compliance & Information Security Manager,{'CISA', 'Security+', 'CEH', 'CISSP'}
2923743361,Analyst - IT Cyber Security,{'CISA', 'Security+', 'CEH', 'CISSP'}
2958448634,GSOC Threat Detection Team Lead,{'CISA', 'Security+', 'CEH', 'CISSP'}
2959459046,Information Security Engineer 3,{'CISA', 'Security+', 'CEH', 'CISSP'}
2959462249,Security Analyst-ONSITE (Tulsa,OK),set()
2937344550,Tapestry IT Intern (Cybersecurity & IT Compliance),set()
2933127449,Manager, Cybersecurity Program Management - Remote,set()
2929866221,Cybersecurity Test Engineer, Junior,set()
2959453899,Information Security Engineer 3,set()
2954898164,Cybersecurity Splunk Engineer,set()
2948194016,Cybersecurity Engineer - Nashville, TN,set()
2916494063,Cybersecurity Intern – Embedded Systems,set()
2948818431,Cyber Security Analyst,set()
2802323784,Cybersecurity and Privacy Associate - Summer 2022,set()
2959405944,Security Analyst (Tier 2),set()
2955552563,VP of Information Security,set()
2949326237,Information Security Engineer I,set()
2923817169,Cybersecurity and Privacy Associate - Summer 2022,set()
2910727946,Information Cybersecurity Analyst,set()
2954830678,Systems Engineer, Cybersecurity,set()
2945298496,Cyber Security Analyst,set()
2921845302,Senior Technical Expert, Cybersecurity,set()
2946045213,Cybersecurity Incident Response and Business Continuity Director,set()
2959755534,CyberSecurity Engineer,set()
2959449817,IT Security Analyst II - Security Application Penetration Tester,set()
2945300386,Cyber Security Analyst,set()
2955582788,Senior Cybersecurity Analyst,set()
2942655454,Cybersecurity Architect – Engineer I - entry level,set()
2908792881,Cybersecurity Analyst - Boulder, CO (Night Shift),set()
2959454965,Sr Cybersecurity Analyst, Vendor Risk Management,set()
2954894726,Cybersecurity Splunk Engineer,set()
2955590015,Security Administrator,set()
2945294826,Cyber Security Analyst,set()
2959208814,Associate Penetration Tester - Red Team - Entry Level 2022,set()
2949374613,Threat Analysis Intern,set()
2954874119,Cybersecurity Analyst,set()
2929866220,Cybersecurity Test Engineer, Junior,set()
2938765747,Business Intelligence Developer - Risk/Cybersecurity,set()
2950333751,Security Analyst II - Weekday Days (remote),set()
2952191433,Information Security Engineer,set()
2954896110,Cybersecurity Mobile Device Management,set()
2946019588,Information Technology Security Analyst,set()
2908041390,Cybersecurity Analyst,set()
2955743043,Cyber Threat Hunter,set()
2959454721,Information Security Engineer 3,set()
2954893609,Cybersecurity Mobile Device Management,set()
2927834892,Cybersecurity Analyst - Part-Time - Boulder, CO (Weekend),set()
2931744482,Sr Manager, Cybersecurity - Remote,set()
2948542507,Security Analyst,set()
2925200812,Cybersecurity Engineer,set()
2959704607,Network Analyst,set()
2949869991,Cybersecurity Analyst,set()
2946277946,Information Security Engineer / Architect,set()
2929599731,IT Cybersecurity Specialist (INFOSEC),set()
2954892604,Cybersecurity Mobile Device Management,set()
2952122398,Computer Forensic and Intrusion Analyst,set()
2948515835,Information Security Engineer,set()
2910916173,Cybersecurity Analyst (eDiscovery and Investigations),set()
2909135964,Cybersecurity Summer Institute - Undergraduate,set()
2951853452,Data Security Analyst,set()
2952789187,Cybersecurity Engineer,set()
2959419510,Cyber Security Engineer,set()
2933123866,Manager, Cybersecurity Program Management - Remote,set()
2950600834,F-35 Information System Security Officer,set()
2954897208,Cybersecurity Splunk Engineer,set()
2954845285,SOC Analyst,set()
2954894725,Cybersecurity Splunk Engineer,set()
2954893709,Cybersecurity Splunk Engineer,set()
2945211402,Information System Security Manager,set()
2929641295,Cyber Security Specialist,set()
2959537141,Graduate Research Assistant,set()
2952159502,Cybersecurity IT Network Specialist,set()
2959587384,Network Security Engineer,set()
2940601760,Cybersecurity Threat Response Analyst,set()
2959567391,Network Operations Center Technician,set()
2954894620,Cybersecurity Mobile Device Management,set()
2926062385,Cybersecurity Specialist,set()
2946273005,Program Manager of Security and Compliance,set()
2915189393,Cybersecurity Analyst,set()
2945385736,Information Technology Security Analyst,set()
2950041870,Cyber Security Analyst,set()
2949122429,Classified Cybersecurity Associate,set()
2954895400,Cybersecurity Splunk Engineer,set()
2942016041,Lead Cybersecurity, BISO,set()
2954897189,Cybersecurity Awareness and Education Lead,set()
2944183506,ISSO - Cybersecurity Staff,set()
2954984547,Cyber Range Attackmaster/ Cybersecurity Instructor,set()
2913320346,Cybersecurity Specialist,set()
2959559222,NOC Linux Technician,set()
2955743768,Information System Security Officer,set()
2935818530,Senior Cybersecurity Consultant,set()
2894148287,Red Team Engineer - Cybersecurity,set()
2948537656,Senior Analyst, Cybersecurity,set()
2925232892,Public Notice for Computer Scientist Cybersecurity Positions,set()
2959257601,SOC Security Analyst,set()
2959453902,Information Security Engineer 3,set()
2954897110,Cybersecurity Mobile Device Management,set()
2919456554,Cybersecurity Project Manager,set()
2947584483,SOC Analyst (Remote - Central),set()
2951305713,Cyber Security Analyst / Host Based Security Administrator,set()
2947533614,Network Security Engineer,set()
2952124495,Cyber Security Engineer - Mid Level,set()
2935692074,Cybersecurity Task Order Manager,set()
2931747062,Sr Manager, Cybersecurity - Remote,set()
2926841866,Cybersecurity Specialist,set()
2959277736,Network Security Analyst,set()
2917779775,Engineer, Cybersecurity,set()
2945917503,Intern, Systems Analyst - Undergrad - Multiple Locations - 2022,set()
2946610553,Cyber Security Associate (Entry-Level),set()
2925894526,Cybersecurity Technician,set()
2874131892,Cybersecurity Analyst,set()
2959555482,IT Technician,set()
2947545228,Security Analyst,set()
2945163272,IT Security Analyst,set()
2954898152,Cybersecurity Awareness and Education Lead,set()
2952491007,IT Security Analyst,set()
2950608563,IT Security Analyst,set()
2882811601,(USA) Systems Engineer, Cybersecurity,set()
2924389966,Cybersecurity Consultant, Digital Forensics and Incident Response,set()
2948114996,GDIT is hiring! - Cybersecurity for NASA programs,set()
2955707364,Information Security Engineer,set()
2950308792,Cyber Threat Intelligence Analyst,set()
2951132977,Cybersecurity Supervisor - Chicago, IL,set()
2922766019,Cybersecurity Project Specialist,set()
2931789749,Cyber Security,set()
2931167038,Cyber Security Specialist- SOC,set()
2954842581,SOC Analyst - Associate,set()
2952133273,Global Information Security Analyst (Remote),set()
2941677658,Cyber Security,set()
2940614567,Cybersecurity Threat Response Analyst,set()
2958365478,Network Security Analyst 3,set()
2958438893,Cyber Security Analyst,set()
2927271748,Cybersecurity Engineer I (remote capability),set()
2955560940,Information Systems Security Control Specialist,set()
2932796657,Senior Risk Expert Cybersecurity (Remote),set()
2906717632,Analyst - Cybersecurity,set()
2958677503,Security Analyst,set()
2948887815,Cyber Security Analyst,set()
2950370348,Systems Analyst - Undergrad New College Grad - Multiple Locations,set()
2941685390,ISSO - Cybersecurity Staff,set()
2951891981,Cybersecurity Analyst - Virginia Beach, VA,set()
2948929337,Associate Security Analyst,set()
2892596812,Cybersecurity Analyst, Tier 2 - Remote,set()
2954893707,Cybersecurity Splunk Engineer,set()
2945796816,Sr. Cybersecurity Consultant,set()
2954892763,Cybersecurity Application Architect,set()
2924771050,Cybersecurity Auditor,set()
2958175011,Business Information Security Officer (BISO) - Application Security,set()
2959426049,Cyber Security Engineer,set()
2922836401,Cybersecurity Associate Manager - Vulnerability Management,set()
2912005379,Cybersecurity Intern - Career Advancement,set()
2959553503,Security (SOC) Analyst,set()
2959459047,Information Security Engineer 3,set()
2949355111,Junior Cyber Security Engineer,set()
2916100722,Cybersecurity Project Manager (Remote Position),set()
1887468650,Synack Red Team - Cybersecurity Penetration Tester,set()
2954896191,Cybersecurity Awareness and Education Lead,set()
2953747730,Cyber Security Analyst,set()
2954896111,Cybersecurity Mobile Device Management,set()
2739165116,Cybersecurity Penetration Tester,set()
2954894727,Cybersecurity Splunk Engineer,set()
2921326049,Cybersecurity Associate - Penetration Tester - Summer 2022 - West Hartford, CT,set()
2951692113,Jr. Information Assurance Security Specialist,set()
2909324427,Program Manager - Cybersecurity, IS Core,set()
2952162788,Cyber Security Engineer 100% Remote Role Fortune 100 Company Salary up to $120K Hiring ASAP Direct Hire Role with Benefits,set()
2959703368,SECURITY ANALYST,set()
2955737010,Cybersecurity Senior Manager,set()
2897184279,Lead Cybersecurity Analyst,set()
2945296581,Sr. Cybersecurity Analyst,set()
2946264520,Vice President, Information Security,set()
2928172205,SUPERVISORY IT CYBERSECURITY SPECIALIST (INFOSEC),set()
2954892603,Cybersecurity Mobile Device Management,set()
2946284324,Information Technology Security Architect,set()
2738332049,Cybersecurity Penetration Tester,set()
2917651986,Cybersecurity Analyst - Multiple Opportunities - China Lake,set()
2946271277,Information Security Engineer with Sophos Certification,set()
2946056969,Penetration Tester,set()
2959542922,Cyber Analyst,set()
2932680417,Senior Manager - Applications Security, Cyber Security,set()
2924482873,Cybersecurity Engineer,set()
2913166124,Cybersecurity Manager- IAM Access Administration (Remote),set()
2939065654,Cybersecurity Engineer (Remote),set()
2939615544,Network Cybersecurity Analyst,set()
2950387492,IT Security Analyst,set()
2913127373,Cybersecurity Compliance Analyst (remote eligible),set()
2911893971,Cybersecurity Business Consultant,set()
2784474521,Cybersecurity Analyst - Boulder, CO (Night Shift),set()
2945997771,Information Security Engineer,set()
2917311585,Cybersecurity Intern,set()
2950026974,US Security (SOC) Analyst,set()
2919638777,Managed Cybersecurity Risk Service Analyst I,set()
2946267086,Incident Response/Investigators - Remote,set()
2951364267,Intern - Information Security Analyst,set()
2943881856,Manager of IT and Cybersecurity,set()
2942394959,Senior Technical Expert, Cybersecurity-Security Architect,set()
2947580639,Security Engineering Intern,set()
2946267836,Fraud Prevention Manager,set()
2738328570,Cybersecurity Penetration Tester,set()
2958172247,Business Information Security Officer (BISO) - Application Security,set()
2916912460,Cybersecurity Sourcing Specialist,set()
2959541614,Security Engineer,set()
2946271297,Resident Engineer - Security,set()
2939611924,Network Cybersecurity Analyst,set()
2662545227,Cybersecurity Analyst - Part-Time - Boulder, CO (Weekend),set()
2951364299,Intern - Information Security Analyst,set()
2890447766,Cybersecurity Engineer,set()
2947572064,Cybersecurity Officer-Radiation-Remote,set()
2944621617,Cybersecurity Engineer,set()
2954923893,Cyber Security Engineer - Virtual,set()
2949131746,Cybersecurity Analyst,set()
2954892762,Cybersecurity Application Architect,set()
2959495470,Security Solutions Architect,set()
2738331208,Cybersecurity Penetration Tester,set()
2931626080,Cybersecurity Detection & Monitoring Consultant,set()
2944231402,ISSO - Classified Cybersecurity,set()
2891140465,Public Notice for Authorized Cybersecurity Positions,set()
2829885322,Cybersecurity Analyst,set()
2930626051,Cyber Security Associate (PAM),set()
2944188070,Cybersecurity Analyst/NQV II - REMOTE,set()
2949138313,Security Analyst,set()
2958175014,Business Information Security Officer (BISO) - Application Security,set()
2949641827,Associate Penetration Tester - Red Team - Entry Level 2022,set()
2891141301,Public Notice for Computer Scientist Cybersecurity Positions,set()
2959741704,Cyber Range Attackmaster/Instructor,set()
2949126742,Information Systems Security Officer,set()
2943926324,Manager, Cybersecurity Architecture,set()
2954893708,Cybersecurity Splunk Engineer,set()
2940040794,Consultant | Cybersecurity,set()
2899795580,Cybersecurity Analyst,set()
2950370376,Cyber Security Analyst,set()
2950367675,Systems Analyst - Undergrad New College Grad - Multiple Locations,set()
2948856751,Cyber Intel Analyst,set()
2945573388,Cyber Security Analyst,set()
2947585370,SOC Analyst (Remote - Central),set()
2797823890,Ventures Analyst - Cybersecurity,set()
2959563353,GRC Analyst,set()
2954898066,Cybersecurity Mobile Device Management,set()
2954895285,Cybersecurity Mobile Device Management,set()
2952091109,Information Security Analyst I,set()
2912325496,Senior Cybersecurity Engineer (Remote),set()
2903041256,Cybersecurity Systems Engineer - REMOTE,set()
2933537429,Senior Cybersecurity Consultant,{'CCSP', 'CISA', 'CEH', 'CRISA', 'CISSP'}
2958449340,Computer Forensic Examiner,{'CCSP', 'CISA', 'CEH', 'CRISA', 'CISSP'}
2951135927,Cybersecurity Supervisor - Lincoln, NE,{'CCSP', 'CISA', 'CEH', 'CRISA', 'CISSP'}
2948488578,Cybersecurity Analyst Lead,{'CCSP', 'CISA', 'CEH', 'CRISA', 'CISSP'}
2922059415,IT Risk Analyst, Technology Risk & Cybersecurity,{'CCSP', 'CISA', 'CEH', 'CRISA', 'CISSP'}
2950334533,Security Analyst II - Weekday Afternoons (remote),{'CCSP', 'CISA', 'CEH', 'CRISA', 'CISSP'}
2913161722,Staff Cybersecurity Engineer- App Pent Test (Remote),{'CCSP', 'CISA', 'CEH', 'CRISA', 'CISSP'}
2946012410,Cyber Security Engineer,{'CCSP', 'CISA', 'CEH', 'CRISA', 'CISSP'}
2952150784,Cybersecurity Threat Analyst (Remote),{'CCSP', 'CISA', 'CEH', 'CRISA', 'CISSP'}
2949866582,Cybersecurity Analyst,{'CCSP', 'CISA', 'CEH', 'CRISA', 'CISSP'}
2922908537,Cyber Security Incident Response,{'CCSP', 'CISA', 'CEH', 'CRISA', 'CISSP'}
2958175006,Business Information Security Officer (BISO) - Application Security,{'CCSP', 'CISA', 'CEH', 'CRISA', 'CISSP'}
2959752413,Cyber Security Engineer,{'CCSP', 'CISA', 'CEH', 'CRISA', 'CISSP'}
2946292965,Sr. Information Security Engineer,{'CCSP', 'CISA', 'CEH', 'CRISA', 'CISSP'}
2954906983,IT Security Analyst,{'CCSP', 'CISA', 'CEH', 'CRISA', 'CISSP'}
2919449852,Cybersecurity Analyst,{'CCSP', 'CISA', 'CEH', 'CRISA', 'CISSP'}
2946495236,IT Security Engineer,{'CCSP', 'CISA', 'CEH', 'CRISA', 'CISSP'}
2874132795,Cybersecurity Analyst, Sr. (ISSO),{'CCSP', 'CISA', 'CEH', 'CRISA', 'CISSP'}
2893212444,CyberSecurity - Threat/Incident Detection and Response Analyst,{'CCSP', 'CISA', 'CEH', 'CRISA', 'CISSP'}
2951713940,Analyst - Cyber Threat Intelligence,{'CCSP', 'CISA', 'CEH', 'CRISA', 'CISSP'}
2739165106,Cybersecurity Penetration Tester,{'CCSP', 'CISA', 'CEH', 'CRISA', 'CISSP'}
2940142104,Technical Manager, Cybersecurity Strategy & Risk (remote),{'CCSP', 'CISA', 'CEH', 'CRISA', 'CISSP'}
2954896215,Global Insider Threat Analyst,{'CCSP', 'CISA', 'CEH', 'CRISA', 'CISSP'}
2945955694,Security Analyst,{'CCSP', 'CISA', 'CEH', 'CRISA', 'CISSP'}
2948956222,Information Security Engineer,{'CCSP', 'CISA', 'CEH', 'CRISA', 'CISSP'}
2739840220,Cybersecurity Penetration Tester,{'CCSP', 'CISA', 'CEH', 'CRISA', 'CISSP'}
2940561377,Cybersecurity Architecture, Engineer I,set()
2958685992,SOC Analyst (Swing Shift),set()
2946629099,IT Security Analyst I,set()
2952748566,Cyber Security Analyst / Splunk Administrator,set()
2949020220,Cyber Security Consultant,set()
2906701719,Cybersecurity Associate - Controls - Summer 2022 - West Hartford, CT,set()
2911335063,Cyber Security Specialist,set()
2891139544,Public Notice for Computer Scientist Cybersecurity Positions,set()
2870703007,Cybersecurity Analyst,{'CISA', 'GIAC', 'CISSP'}
2940701388,Assoc Cyber Information Assurance - Security,{'COVID-19', 'HCISSP', 'CAP', 'CND', 'PTO', 'Cloud+', 'EEO', 'IAM', 'GPA', 'GSLC'}
2916416263,Cybersecurity Analyst,set()
2875239448,Special Agent: Cybersecurity/Technology Background,set()
2923517939,Cyber Security/Systems (Summer/Fall Co-op),set()
2958136080,Information Security Engineer,set()
2949100667,Cyber Threat Hunter,set()
2949085528,Computer Forensic Examiner,set()
2739163275,Cybersecurity Penetration Tester,set()
2876467782,Special Agent: Cybersecurity/Technology Background,set()
2944202362,Cybersecurity Systems Engineer - REMOTE,set()
2954891961,Cybersecurity Awareness and Education Lead,set()
2906982442,Cybersecurity Analyst,set()
2945572180,Cyber Security Engineer,set()
2954891875,Cybersecurity Mobile Device Management,set()
2891906704,Cybersecurity Platform Operations Consultant,set()
2828486604,Cybersecurity, Threat Analyst (Part time, Remote),set()
2954895448,Cybersecurity Application Architect,set()
2920443218,Cybersecurity Manager,set()
2959425635,Security Operations Analyst,set()
2941071977,Cybersecurity Apprentice with Security Clearance,set()
2954892602,Cybersecurity Mobile Device Management,set()
2953348921,Cyber Incident Analyst,set()
2938270762,Manager, Cybersecurity Program Management - Remote,set()
2950093753,Technical Recruiter - 100% Remote, CyberSecurity,set()
2950337946,Security Analyst I,{'DWI', 'GED', 'DART'}
2944203741,Cybersecurity Project Specialist,{'DWI', 'GED', 'DART'}
2946650485,Cyber Security Analyst,{'GPEN', 'CEH', 'OSCP'}
2950657073,IT Security Engineer,{'GPEN', 'CEH', 'OSCP'}
2940218830,Cybersecurity SIEM Engineer,{'GPEN', 'CEH', 'OSCP'}
2950644349,Cybersecurity Engineer (SOAR) [JOB ID 20220303],{'GPEN', 'CEH', 'OSCP'}
2959425027,Classified Cyber Security Asc,{'GPEN', 'CEH', 'OSCP'}
2955564987,Cybersecurity Engineer - Top Secret Clearance Required,{'GPEN', 'CEH', 'OSCP'}
2950095911,Cybersecurity Analyst,{'GPEN', 'CEH', 'OSCP'}
2954894792,Cybersecurity Application Architect,{'GPEN', 'CEH', 'OSCP'}
2738326654,Cybersecurity Penetration Tester,{'GPEN', 'CEH', 'OSCP'}
2952258705,Cybersecurity Analyst,{'GPEN', 'CEH', 'OSCP'}
2959551738,Cyber Readiness Analyst,{'GPEN', 'CEH', 'OSCP'}
2940700425,Assoc Cyber Information Assurance - Security,{'GPEN', 'CEH', 'OSCP'}
2934465008,Jr. Cybersecurity Engineer,{'GPEN', 'CEH', 'OSCP'}
2946281457,Cybersecurity, Privacy and Forensics - Privacy - Associate,{'GPEN', 'CEH', 'OSCP'}
2950302403,Cybersecurity Analyst,{'GPEN', 'CEH', 'OSCP'}
2950646202,Cybersecurity Engineer (SOAR) [JOB ID 20220303],{'GPEN', 'CEH', 'OSCP'}
2950647187,Cybersecurity Engineer (SOAR) [JOB ID 20220303],{'GPEN', 'CEH', 'OSCP'}
2918629810,Cybersecurity Engineer II - Ping Federate (Remote),{'GPEN', 'CEH', 'OSCP'}
2950301776,Cybersecurity Analyst,set()
2846515947,Cybersecurity Analyst,set()
2915387589,Cybersecurity Analyst I,set()
2934688960,Cybersecurity Incident Response Liaison - Clearance Required,set()
2814016409,Cybersecurity Analyst - Multiple Opportunities - China Lake,set()
2940802834,Cybersecurity Instructor,set()
2738325757,Cybersecurity Penetration Tester,set()
2914318886,Cybersecurity Program Manager,set()
2942372563,CyberSecurity Incident Responder,set()
2738330194,Cybersecurity Penetration Tester,set()
2950310535,Cyber Security Analyst I,set()
2950303180,Cybersecurity Analyst,set()
2739160893,Cybersecurity Penetration Tester,set()
2739841213,Cybersecurity Penetration Tester,{'CEH', 'GPEN', 'OSCP'}
2922910416,Cyber Security Incident Response,{'CEH', 'GPEN', 'OSCP'}
2924102005,Cyber Security/Systems (Summer/Fall Co-op),{'CEH', 'GPEN', 'OSCP'}
2954898067,Cybersecurity Mobile Device Management,{'CEH', 'GPEN', 'OSCP'}
2876500763,Special Agent: Cybersecurity/Technology Background,{'CEH', 'GPEN', 'OSCP'}
2933526639,Cybersecurity Operations Center Analyst,{'CEH', 'GPEN', 'OSCP'}
2952101438,Security Engineer, Threat Response,{'CEH', 'GPEN', 'OSCP'}
2930373904,Cybersecurity Forescout Engineer,{'CEH', 'GPEN', 'OSCP'}
2891141298,Public Notice for Engineering Cybersecurity Positions,{'CEH', 'GPEN', 'OSCP'}
2891139601,Public Notice for Engineering Cybersecurity Positions,{'CEH', 'GPEN', 'OSCP'}
2937113781,Analyst, Cybersecurity,{'CEH', 'GPEN', 'OSCP'}
2951677156,Information Technology Network Specialist,{'CEH', 'GPEN', 'OSCP'}
2948995058,Application Support Engineer - Cyber Security,{'GIAC', 'SANS', 'ITIL'}
2946271578,Principal Cyber Security Engineer,{'GIAC', 'SANS', 'ITIL'}
2739162202,Cybersecurity Penetration Tester,{'GIAC', 'SANS', 'ITIL'}
2878965018,(USA) Systems Engineer, Cybersecurity,{'GIAC', 'SANS', 'ITIL'}
2950096722,Cybersecurity Analyst,{'GIAC', 'SANS', 'ITIL'}
2941563633,Cybersecurity Engineer (Part-Time),{'GIAC', 'SANS', 'ITIL'}
2928134595,Cybersecurity Computer Network Defense (CND) Analyst,{'GIAC', 'SANS', 'ITIL'}
2941678504,Cybersecurity Operations Center Analyst,set()
2739839256,Cybersecurity Penetration Tester,set()
2929811534,Cybersecurity Consultant,set()
2944705184,Information Security Engineer,set()
2902774441,Cybersecurity Consultant (REMOTE),set()
2919091104,Cyber Security Specialist Level II,set()
2869604200,Senior Cybersecurity Manager (IAM),set()
2954895401,Global Insider Threat Analyst,set()
2915704146,Systems Engineer - Cybersecurity,set()
2959535231,Information Technology Security Analyst II,set()
2940121346,Cybersecurity Team Lead,set()
2946576629,Cybersecurity Engineer,set()
2950644355,Cybersecurity Engineer (SOAR) [JOB ID 20220303],set()
2954898209,Cybersecurity Application Architect,set()
2739840276,Cybersecurity Penetration Tester,set()
2739836486,Cybersecurity Penetration Tester,set()
2954894791,Cybersecurity Application Architect,set()
2954895449,Cybersecurity Application Architect,set()
2921326149,Senior Security Engineer - Cybersecurity - Governance, Risk & Compliance,set()
2954898068,Cybersecurity Mobile Device Management,set()
2914666791,Cybersecurity Liaison,{'Security+', 'CompTIA'}
2950642898,Cybersecurity Engineer (SOAR) [JOB ID 20220303],{'Security+', 'CompTIA'}
2738330245,Cybersecurity Penetration Tester,{'CEH', 'GPEN', 'OSCP'}
2931675514,Technical Operations Manager - (IT Cybersecurity),{'CEH', 'GPEN', 'OSCP'}
2928014671,Cyber Security Support,{'CEH', 'GPEN', 'OSCP'}
2950715893,Security Engineer (Open to U.S. Remote),{'CEH', 'GPEN', 'OSCP'}
2954896261,Cybersecurity Application Architect,{'CEH', 'GPEN', 'OSCP'}
2950345370,IT Security and Compliance Analyst,set()
2922918798,Cyber Security Associate - Penetration Tester - Summer 2022- Tampa, FL,set()
2941956290,Cybersecurity Analyst,set()
2940698926,Assoc Cyber Information Assurance - Security,set()
2949507525,Network Analyst,set()
2908040078,Cyber Security Specialist,set()
2949103355,Threat Reduction Analyst,set()
2923813966,IT Cybersecurity Analyst,set()
2917109538,Federal - Cyber Security Specialist - 4169479,set()
2952104500,Cybersecurity Engineer,set()
2797780361,Senior Cybersecurity Analyst,set()
2946283365,Cybersecurity, Privacy and Forensics - Privacy - Associate,set()
2914797960,Cybersecurity Auditor,set()
2928800939,Cybersecurity Project Manager (Financial Services),set()
2959423836,Security Operations Analyst,set()
2952485142,IT Security Analyst (Remote – Washington DC area only),set()
2926282164,Cybersecurity Analyst V (MV) - 35035,set()
2945387148,Senior Cybersecurity Risk Analyst - Department of Technology (1053),set()
2948130140,Information System Security Officer,set()
2873668617,Cyber Range Master/Cybersecurity Instructor,set()
2739836506,Cybersecurity Penetration Tester,set()
2943774485,Cyber Security Specialist (On-Site) - Contract,set()
2946055104,Cyber security Engineer,set()
2951434973,Information Security Analyst - SOC L2 - Mid-shift,set()
2949099720,Threat Reduction Analyst,set()
2944708515,Information Security Analyst,set()
2941992058,(USA) Systems Engineer, Cybersecurity,set()
2739164169,Cybersecurity Penetration Tester,set()
2892891763,Cybersecurity Response (Hybrid),set()
2951438457,Information Security Analyst - SOC L2 - Mid Shift,set()
2941978843,Senior Cybersecurity Engineer,set()
2947522780,Cybersecurity Planning Coordinator,set()
2889818395,Cybersecurity Risk Specialist (IAM II),set()
2917111363,Federal - Cyber Security Specialist - 4169477,set()
2959259255,Security Analyst I,set()
2758736967,(USA) Systems Engineer, Cybersecurity,set()
2942367638,CyberSecurity Engineer - Endpoint Detection & Response,set()
2929811531,Cybersecurity Consultant,set()
2911475613,Senior Cybersecurity Engineer (Virtual),set()
2955536400,Security Architect,set()
2951436608,Information Security Analyst - SOC L2 - Mid Shift,set()
2919576151,Cybersecurity Manager--VIRTUAL,set()
2950643491,Cybersecurity Engineer (SOAR) [JOB ID 20220303],set()
2950358380,Cyber Security Software Engineer - Level 2,set()
2946451337,Information Technology Security Analyst II,set()
2950011513,Cybersecurity Engineer,set()
2954892706,Global Insider Threat Analyst,set()
2919572491,Cybersecurity Manager--VIRTUAL,set()
2920039303,Cybersecurity Engineer,set()
2959205006,Information Security Engineer,set()
2929049377,Incident Response Specialist II, Cybersecurity,set()
2929864632,Cybersecurity Firmware Engineer, Junior,set()
2959466607,MDR Specialist,set()
2739165150,Cybersecurity Penetration Tester,set()
2948953380,Cyber Security Defense Analyst,set()
2939613840,Network Cybersecurity Analyst,set()
2739841257,Cybersecurity Penetration Tester,set()
2946327067,Information Security Manager,set()
2946641082,IT Specialist - Mid Level,set()
2875074370,Special Agent: Cybersecurity/Technology Background,set()
2950717073,Remote Jr. Security (Network, Threat, Crypto, IAM) Engineer,set()
2739158939,Cybersecurity Penetration Tester,set()
2916336018,Clinical Systems Analyst 2, Cybersecurity - UHealth IT,set()
2893889391,Penetration Test Engineer - Cybersecurity Operations - 2312,set()
2954880947,Security Analyst,set()
2959545358,Cyber Security Engineer,set()
2950314298,Systems Analyst - Masters New College Grad - Multiple Locations - 2022,set()
2946645590,Security Analyst Intern,set()
2917791120,Cyber Software Security Specialist,set()
2945930783,Associate Incident and Threat Analyst,set()
2941526127,Cybersecurity Architect,set()
2947578713,Junior Cybersecurity Specialist,set()
2947585095,Junior Cybersecurity Specialist,set()
2924906084,Cybersecurity Manager - Governance, Risk and Compliance,set()
2903412947,Cybersecurity Incident Manager,set()
2949806451,PART TIME CYBER SUPPORT ASSOCIATE,set()
2738328636,Cybersecurity Penetration Tester,{'CEH', 'GPEN', 'OSCP'}
2917145583,Cybersecurity Systems Analyst,{'CEH', 'GPEN', 'OSCP'}
2944401048,Cybersecurity Analyst,{'CEH', 'GPEN', 'OSCP'}
2914289257,Cybersecurity Analyst,set()
2955700004,Lead Security Analyst (Onsite),set()
2739165121,Cybersecurity Penetration Tester,set()
2912668937,Senior Program Manager - Cybersecurity,set()
2737077510,Cyber Security GRC Lead,set()
2738332002,Cybersecurity Penetration Tester,set()
2914208627,Cybersecurity Analyst,set()
2950644351,Cybersecurity Engineer (SOAR) [JOB ID 20220303],set()
2946048991,Cyber Security Incident Response Lead,set()
2944179600,IT Security Analyst,set()
2738329426,Cybersecurity Penetration Tester,set()
2943893653,Cyber Security Support Specialist,set()
2955715012,Cyber Security Engineer,set()
2950096665,Cybersecurity Analyst,set()
2959444834,IT Procurement / Sourcing - Cyber Security,set()
2912043298,Cybersecurity Co-op Summer/Fall 2022 with Security Clearance,set()
2950642884,Cybersecurity Engineer (SOAR) [JOB ID 20220303],set()
2959207884,Associate Incident Response Consultant - Entry Level 2022,set()
2922915111,Cybersecurity Governance Analyst,set()
2959460061,NOC Lead,set()
2950329327,Security Analyst I,set()
2954959329,REMOTE DevSecOps - CyberSecurity,set()
2950643472,Cybersecurity Engineer (SOAR) [JOB ID 20220303],set()
2945179923,Information Systems Security Officer,set()
2946285003,Cybersecurity, Privacy and Forensics - Privacy - Associate,set()
2927992977,Cybersecurity Instructor,set()
2945936088,Incident Handler-Information Security Specialist I,set()
2929638843,Senior Cybersecurity Associate (Principle) - Full Remote,set()
2952118957,Security Analyst- TAS- Remote (Anywhere in the U.S.),set()
2917112179,Federal - Cyber Security Specialist - 4169478,set()
2954830624,Information Security GRC Manager,set()
2948901158,ISSO - Classified Cybersecurity Associate,set()
2949133599,Sr. Analyst, Cybersecurity (Remote),set()
2950640970,Cybersecurity Engineer (SOAR) [JOB ID 20220303],{'ACTIVE', 'ISC', 'CISSP'}
2943771326,Senior Cybersecurity Auditor,{'ACTIVE', 'ISC', 'CISSP'}
2922242976,Endpoint Cybersecurity Engineer,{'ACTIVE', 'ISC', 'CISSP'}
2923169769,Cybersecurity Consultant,{'ACTIVE', 'ISC', 'CISSP'}
2924479411,Cybersecurity Analyst,{'ACTIVE', 'ISC', 'CISSP'}
2917027584,Cybersecurity Technologist - Data Loss Prevention,{'ACTIVE', 'ISC', 'CISSP'}
2938161108,Cybersecurity Administrator,{'ACTIVE', 'ISC', 'CISSP'}
2796716037,Cybersecurity Staff Consultant - Attack & Penetration - Red Team- Open Location,{'ACTIVE', 'ISC', 'CISSP'}
2739840211,Cybersecurity Penetration Tester,{'ACTIVE', 'ISC', 'CISSP'}
2946289307,RMF Cyber Analyst (Junior),{'ACTIVE', 'ISC', 'CISSP'}
2914797982,Cybersecurity Auditor,{'ACTIVE', 'ISC', 'CISSP'}
2920036579,Cybersecurity Engineer,{'ACTIVE', 'ISC', 'CISSP'}
2952112329,Information Security Analyst- US West Coast Remote,{'ACTIVE', 'ISC', 'CISSP'}
2955566984,Cybersecurity Analyst V (MV) - 36907,{'ACTIVE', 'ISC', 'CISSP'}
2738330242,Cybersecurity Penetration Tester,{'ACTIVE', 'ISC', 'CISSP'}
2933126621,Cybersecurity Operations Center Analyst,{'ACTIVE', 'ISC', 'CISSP'}
2867218972,Cybersecurity Analyst,{'ACTIVE', 'ISC', 'CISSP'}
2950098491,Cybersecurity Analyst,set()
2954894729,Global Insider Threat Analyst,set()
2946285000,Cybersecurity, Privacy and Forensics - Privacy - Associate,set()
2947260171,Cyber Security Engineer,set()
2939066559,Cybersecurity Architect (Remote),set()
2897518628,Cyber Security Associate,set()
2950096563,Security Engineer,set()
2954892692,Cybersecurity Awareness and Education Lead,set()
2909988933,Cybersecurity Engineer - Automotive,set()
2946280108,Cybersecurity - Identity and Access Management (IAM) - Associate,set()
2951830713,Cybersecurity Analyst,set()
2931505921,Cybersecurity Penetration Tester,set()
2931614655,Cybersecurity Response (Hybrid),set()
2915704142,Systems Engineer - Cybersecurity,set()
2945953623,IT Security Analyst I,set()
2946005273,Cyber Threat Analyst,set()
2942358985,Principal Systems Engineer - Cybersecurity,set()
2950653114,Cybersecurity Engineer (SOAR) [JOB ID 20220303],set()
2876459293,Special Agent: Cybersecurity/Technology Background,set()
2874130973,Cybersecurity Network Engineer,set()
2885120597,Cybersecurity Endpoint Engineer,set()
2959587182,Cybersecurity Engineer - Basic,set()
2907853293,Cybersecurity Sales Executive,set()
2940044133,Senior Consultant | Cybersecurity,set()
2943730865,Cyber Security Specialist,set()
2889960400,Senior Cybersecurity DevSecOps Engineer (REMOTE),set()
2949294221,Cyber Security Engineer,set()
2958957872,Principal Information Security Engineer,set()
2948965933,Information System Security Manager,set()
2911392941,Cyber Security Associate - IAM,set()
2950391430,ISSO - Classified Cybersecurity Analyst,set()
2929657447,Cyber Security Specialist,set()
2923579448,Cybersecurity Analyst,set()
2930374930,Cybersecurity Analyst,set()
2916113280,Cybersecurity Program Manager Lead - Core Technology Infrastructure,set()
2941175175,2022 Summer Intern - Cyber Security/ IT,set()
2738331298,Cybersecurity Penetration Tester,{'CEH', 'GPEN', 'OSCP'}
2959703319,Cyber Security Analyst,{'CEH', 'GPEN', 'OSCP'}
2941001128,Cyber Security Operations (SOC) Manager,{'CEH', 'GPEN', 'OSCP'}
2866423745,2023 Cybersecurity Staff,{'CEH', 'GPEN', 'OSCP'}
2946281456,Cybersecurity, Privacy and Forensics - Privacy - Associate,{'CEH', 'GPEN', 'OSCP'}
2739163222,Cybersecurity Penetration Tester,{'CEH', 'GPEN', 'OSCP'}
2915705077,Systems Engineer - Cybersecurity,{'CEH', 'GPEN', 'OSCP'}
2954891923,Tier 2 Security Event Monitoring Analyst,{'CEH', 'GPEN', 'OSCP'}
2940041793,Senior Consultant | Cybersecurity,{'CEH', 'GPEN', 'OSCP'}
2949889080,Information Security Analyst (Remote),{'CEH', 'GPEN', 'OSCP'}
2739836487,Cybersecurity Penetration Tester,{'CEH', 'GPEN', 'OSCP'}
2896771196,Cybersecurity Analyst II,{'CEH', 'GPEN', 'OSCP'}
2942117419,Senior Cybersecurity Consultant,{'CEH', 'GPEN', 'OSCP'}
2922327978,Senior Analyst CyberSecurity Audit and Compliance,{'CEH', 'GPEN', 'OSCP'}
2944086896,Vulnerability Analyst,{'CEH', 'GPEN', 'OSCP'}
2954979831,Lead Cyber Security Engineer - Remote,{'CEH', 'GPEN', 'OSCP'}
2945948132,Cyber Security Analyst (Incident Response),{'CEH', 'GPEN', 'OSCP'}
2879372852,Managed Cybersecurity Risk Service Analyst II,{'CEH', 'GPEN', 'OSCP'}
2739158916,Cybersecurity Penetration Tester,{'CEH', 'GPEN', 'OSCP'}
2948989836,Application Support Engineer - Cyber Security,{'CEH', 'GPEN', 'OSCP'}
2928105419,Cybersecurity Analyst,{'CEH', 'GPEN', 'OSCP'}
2930364345,Cybersecurity Analyst,set()
2920038413,Cybersecurity Engineer,set()
2948938562,Cyber Security Engineer,set()
2950380857,Application Incident Response Analyst,set()
2884474634,Cybersecurity Analyst 3,set()
2955568821,Cybersecurity Operations Center Analyst,set()
2945933428,Info Security Analyst,set()
2906394309,Cybersecurity Analyst,set()
2920032142,Cybersecurity Analyst,set()
2954893694,Cybersecurity Awareness and Education Lead,set()
2739160883,Cybersecurity Penetration Tester,set()
2950643488,Cybersecurity Engineer (SOAR) [JOB ID 20220303],set()
2950301076,Cybersecurity Analyst,set()
2907674060,Summer 2022 Risk, Internal Audit and Cybersecurity Consultant,set()
2884279305,Sr Cybersecurity Analyst - Controls Assurance,set()
2959222558,Security Analyst,set()
2914781454,Offensive Cybersecurity Instructor,set()
2913159856,Cybersecurity Engineer #: 22-01465,set()
2950647186,Cybersecurity Engineer (SOAR) [JOB ID 20220303],set()
2954894790,Cybersecurity Application Architect,set()
2949808987,L2 Security Analyst,set()
2930377738,Cybersecurity Analyst,set()
2739162312,Cybersecurity Penetration Tester,set()
2947353784,AOC - Information Security Analyst (Junior),set()
2946045951,Information Security Engineer - Cloud Security - remote,set()
2946041887,Information Systems Security Analyst,set()
2739158913,Cybersecurity Penetration Tester,set()
2913996332,Cyber Incident Response Watch Officer,set()
2954896214,Global Insider Threat Analyst,set()
2917766350,Cybersecurity Analyst,set()
2739159916,Cybersecurity Penetration Tester,set()
2959545401,Cybersecurity Software Engineer,set()
2947421831,Cyber Security Response Analysts,set()
2739164095,Cybersecurity Penetration Tester,set()
2950640967,Cybersecurity Engineer (SOAR) [JOB ID 20220303],set()
2940411994,Cybersecurity Network Analyst- multiple roles,set()
2949060411,Lead Information Security Engineer,set()
2927994738,Cybersecurity Instructor,set()
2738326761,Cybersecurity Penetration Tester,set()
2922953164,Cybersecurity Test Engineer-Mobile,set()
2922476470,Cybersecurity Engineer,set()
2959782460,Principle Information Security Engineer,set()
2950719567,Cyber Risk Analyst (Open to U.S. Remote),set()
2948925853,Cyber Security Analyst,set()
2954892707,Global Insider Threat Analyst,set()
2919575165,Cybersecurity Manager--VIRTUAL,set()
2796708989,Cybersecurity Staff Consultant - Attack & Penetration - Red Team- Open Location,set()
2946280468,Cybersecurity, Privacy and Forensics - Privacy - Associate,set()
2912824602,Cybersecurity DFIR Engineer,set()
2940257771,Cyber Security Specialist,set()
2950356527,Systems Security Analyst,set()
2739163295,Cybersecurity Penetration Tester,set()
2954898166,Global Insider Threat Analyst,set()
2902333867,Senior Cybersecurity Analyst- REMOTE,set()
2958143606,Cyber Security Analyst- Threat Hunt,set()
2946295273,DevSecOps Engineer,set()
2922264718,Cybersecurity Analyst,set()
2946521281,Information Security Engineer,set()
2953720854,Cyber Security Analyst,set()
2949204190,Cyber Security Analyst,set()
2948180819,IT Security Engineer,set()
2959546249,Cybersecurity Software Engineer,set()
2954894674,Tier 2 Security Event Monitoring Analyst,set()
2954894673,Tier 2 Security Event Monitoring Analyst,set()
2946282409,Cybersecurity, Privacy and Forensics - Privacy - Associate,set()
2959747589,Information Technology Governance Manager,set()
2927825222,Developer in Test II/III - Cybersecurity, IS Core,set()
2947574054,Information Technology System Administrator,set()
2914227102,Senior Cybersecurity Analyst - CSIRT,set()
