2816519565,Cybersecurity,set()
2912326905,Cybersecurity Manager (Remote),set()
2942951056,2022 Cybersecurity Engineering Summer Plus Semester Intern,set()
2960163617,Senior Manager, Cybersecurity,set()
2943563647,Junior Cyber Security Analyst,set()
2925239249,Public Notice for Authorized Cybersecurity Positions,set()
2889656056,Cyber and Information Security New Graduate positions,set()
2925239249,Public Notice for Authorized Cybersecurity Positions,set()
2889656056,Cyber and Information Security New Graduate positions,set()
2941545862,Cybersecurity Engineer (Intern),set()
2947052575,Entry Level - Cyber Security Analyst (Hybrid),{'CISA', 'CRISC', 'CISSP'}
2944014564,Cybersecurity Engineering & Incident Response Internship,set()
2891137784,Public Notice for Authorized Cybersecurity Positions,set()
2954751909,Cybersecurity Analyst, Junior,{'Security+', 'CEH'}
2957804151,Cyber Security Engineer - Remote,set()
2947038826,Cyber Security Engineer,set()
2851352289,CYBERSECURITY ANALYST - CSIRT,{'CISSP', 'GCIA', 'Security+', 'GCIH'}
2947022238,CyberSecurity Engineer,set()
2941663768,Junior Cybersecurity Engineer,set()
2912483758,Contract CyberSecurity and IT Positions,set()
2947038826,Cyber Security Engineer,set()
2952496598,IT Security Specialist,{'CIH', 'CEH'}
2947063086,Supervisory IT Specialist,set()
2925234578,Public Notice for Computer Scientist Cybersecurity Positions,set()
2929746191,Senior Cybersecurity Analyst- Insider Threat (Full-Time Remote or Hybrid),set()
2959891893,Cyber Security Analyst - Cyber Security Defense - B5,{'CISSP', 'CCNP', 'CCNA', 'CEH'}
2955749642,Cyber Threat Intelligence Analyst,{'CEH', 'GCIH', 'GCTI'}
2912114938,Cybersecurity Co-op Summer/Fall 2022,set()
2947063086,Supervisory IT Specialist,set()
2959891893,Cyber Security Analyst - Cyber Security Defense - B5,{'CISSP', 'CCNP', 'CCNA', 'CEH'}
2955867670,SOC Analyst- Morrisville, NC,set()
2912114938,Cybersecurity Co-op Summer/Fall 2022,set()
2955749642,Cyber Threat Intelligence Analyst,{'CEH', 'GCIH', 'GCTI'}
2923743361,Analyst - IT Cyber Security,set()
2925236569,Public Notice for Authorized Cybersecurity Positions,set()
2955869434,Cybersecurity Network Analyst,set()
2933127449,Manager, Cybersecurity Program Management - Remote,set()
2959477404,NOC Engineer (Open to U.S. Remote),{'ITIL'}
2959477404,NOC Engineer (Open to U.S. Remote),{'ITIL'}
2903418426,Cybersecurity Test Engineer, Junior,{'CISA', 'CEH', 'Security+', 'CISSP'}
2937344550,Tapestry IT Intern (Cybersecurity & IT Compliance),set()
2959840547,Cyber Threat Intelligence Analyst,{'GCTI', 'Security+', 'GREM', 'CEH', 'CISSP'}
2923817169,Cybersecurity and Privacy Associate - Summer 2022,set()
2952746840,CyberSecurity Staff - 2022,set()
2946610553,Cyber Security Associate (Entry-Level),{'CISA', 'CISSP'}
2925236569,Public Notice for Authorized Cybersecurity Positions,set()
2948114996,GDIT is hiring! - Cybersecurity for NASA programs,{'CEH', 'Security+', 'CISSP'}
2908041390,Cybersecurity Analyst,set()
2957875060,IT CYBERSECURITY SPECIALIST (OS/INFOSEC),{'INFOSEC'}
2933127449,Manager, Cybersecurity Program Management - Remote,set()
2909135964,Cybersecurity Summer Institute - Undergraduate,set()
2959839865,Cyber Threat Intelligence Analyst,{'GCTI', 'Security+', 'GREM', 'CEH', 'CISSP'}
2960221737,IT Examiner,set()
2910916173,Cybersecurity Analyst (eDiscovery and Investigations),set()
2960181718,Junior SOC Analyst,{'Security+', 'SIEM', 'ITIL', 'CISSP', 'CEH', 'CompTIA'}
2910916173,Cybersecurity Analyst (eDiscovery and Investigations),set()
2931744482,Sr Manager, Cybersecurity - Remote,set()
2957875060,IT CYBERSECURITY SPECIALIST (OS/INFOSEC),{'INFOSEC'}
2909135964,Cybersecurity Summer Institute - Undergraduate,set()
2959839865,Cyber Threat Intelligence Analyst,{'GCTI', 'Security+', 'GREM', 'CEH', 'CISSP'}
2960221737,IT Examiner,set()
2879970555,Technical Expert - Cybersecurity Crypto/PKI (REMOTE),{'IDS', 'GCIA', 'CISA', 'SIEM', 'C+', 'GREM', 'GPEN', 'GISP', 'IPS', 'GCED', 'GCIH', 'OSCP', 'CCNA', 'CISSP', 'PHP', 'GSEC', 'GIAC', 'CEH', 'CCNP-Security'}
2960181718,Junior SOC Analyst,{'Security+', 'SIEM', 'ITIL', 'CISSP', 'CEH', 'CompTIA'}
2931747062,Sr Manager, Cybersecurity - Remote,set()
2915189393,Cybersecurity Analyst,{'CCNP', 'CCNA'}
2955891413,Cybersecurity Systems Security Engineer I,{'JSIG', 'DIACAP', 'SAP', 'DITSCAP', 'RMF'}
2913320346,Cybersecurity Specialist,set()
2959415388,IT CYBERSECURITY SPECIALIST (SYSANALYSIS/INFOSEC),{'III', 'INFOSEC'}
2960218445,AVC of IT Security & Compliance,set()
2955863852,Cybersecurity, Security Assessment & Authorization,{'CCNA', 'SSCP', 'CERTIFICATIONS', 'Security+', 'GIAC', 'ISC', 'GSEC', 'CompTIA'}
2959841507,Cyber Threat Intelligence Analyst,{'GCTI', 'Security+', 'GREM', 'CEH', 'CISSP'}
2926841866,Cybersecurity Specialist,set()
2957868795,IT CYBERSECURITY SPECIALIST (NETWORK/INFOSEC),{'INFOSEC'}
2957874107,IT CYBERSECURITY SPECIALIST (SYSADMIN/INFOSEC),{'INFOSEC'}
2924389966,Cybersecurity Consultant, Digital Forensics and Incident Response,set()
2957868795,IT CYBERSECURITY SPECIALIST (NETWORK/INFOSEC),{'INFOSEC'}
2957874107,IT CYBERSECURITY SPECIALIST (SYSADMIN/INFOSEC),{'INFOSEC'}
2948114996,GDIT is hiring! - Cybersecurity for NASA programs,{'CEH', 'Security+', 'CISSP'}
2946610553,Cyber Security Associate (Entry-Level),{'CISA', 'CISSP'}
2931167038,Cyber Security Specialist- SOC,set()
2950308792,Cyber Threat Intelligence Analyst,set()
2927271748,Cybersecurity Engineer I (remote capability),{'CCNA', 'SSCP', 'GCFA', 'GCIH', 'GCFE', 'Security+', 'GSEC', 'CISSP', 'CEH', 'OCSP'}
2906717632,Analyst - Cybersecurity,{'GSEC', 'CISSP'}
2955867693,Cyber Security Engineer,{'IAT'}
2906717632,Analyst - Cybersecurity,{'GSEC', 'CISSP'}
2955867693,Cyber Security Engineer,{'IAT'}
2957867394,Network Cybersecurity Analyst,{'GMON', 'SSCP', 'GCFA', 'GCIA', 'GCIH', 'GCFE', 'Security+', 'CEH'}
2949355111,Junior Cyber Security Engineer,{'Security+', 'ATO'}
2960260428,Cybersecurity Specialist,{'PMP'}
2947003854,Cyber Threat Analyst,set()
2928172205,SUPERVISORY IT CYBERSECURITY SPECIALIST (INFOSEC),set()
2917651986,Cybersecurity Analyst - Multiple Opportunities - China Lake,set()
2955865823,Information Systems Security Officer,{'CCNA', 'SSCP', 'CSA+', 'IAT', 'GSEC', 'GICSP'}
2913127373,Cybersecurity Compliance Analyst (remote eligible),set()
2957871461,IT CYBERSECURITY SPECIALIST (SYSADMIN/INFOSEC),{'INFOSEC'}
2947053700,Director of Security Operations,{'GIAC', 'OSCP', 'Security+', 'CISSP'}
2924389966,Cybersecurity Consultant, Digital Forensics and Incident Response,set()
2913166124,Cybersecurity Manager- IAM Access Administration (Remote),set()
2955802286,Associate, Cybersecurity Analytics and Data Science,set()
2913127373,Cybersecurity Compliance Analyst (remote eligible),set()
2933526639,Cybersecurity Operations Center Analyst,{'Security+'}
2955866620,Cyber Security Engineer,{'IAT'}
2939615544,Network Cybersecurity Analyst,{'GMON', 'SSCP', 'GCFA', 'GCIA', 'GCIH', 'GCFE', 'Security+', 'CEH'}
2939611924,Network Cybersecurity Analyst,{'GMON', 'SSCP', 'GCFA', 'GCIA', 'GCIH', 'GCFE', 'Security+', 'CEH'}
2949355111,Junior Cyber Security Engineer,{'Security+', 'ATO'}
2891141301,Public Notice for Computer Scientist Cybersecurity Positions,set()
2891139544,Public Notice for Computer Scientist Cybersecurity Positions,set()
2955802286,Associate, Cybersecurity Analytics and Data Science,set()
2939611924,Network Cybersecurity Analyst,{'GMON', 'SSCP', 'GCFA', 'GCIA', 'GCIH', 'GCFE', 'Security+', 'CEH'}
2944177587,Security Analyst,{'GCFA', 'OSCP', 'GCIH'}
2955866620,Cyber Security Engineer,{'IAT'}
2947572064,Cybersecurity Officer-Radiation-Remote,{'CISSP', 'RTS'}
2955862859,Cyber Security Engineer,{'SSCP', 'Security+', 'IAT', 'GSEC', 'CCNA-Security', 'CompTIA'}
2944188070,Cybersecurity Analyst/NQV II - REMOTE,{'PKI', 'COOP', 'SAP', 'EKMS', 'RMF'}
2891141301,Public Notice for Computer Scientist Cybersecurity Positions,set()
2891139544,Public Notice for Computer Scientist Cybersecurity Positions,set()
2960277410,Cyber Analyst,{'DoDI', 'SCNP', 'SSCP', 'Security+', 'GSEC'}
2922912181,Cyber Security Incident Response,{'GCFA', 'CISA', 'GCFE', 'GCIH', 'CISM', 'CCIM', 'CISSP'}
2960277410,Cyber Analyst,{'DoDI', 'SCNP', 'SSCP', 'Security+', 'GSEC'}
2922912181,Cyber Security Incident Response,{'GCFA', 'CISA', 'GCFE', 'GCIH', 'CISM', 'CCIM', 'CISSP'}
2945573388,Cyber Security Analyst,set()
2952150784,Cybersecurity Threat Analyst (Remote),{'CCNA', 'MCP', 'GCIA', 'GIAC', 'CEH', 'Network+', 'MCSE', 'GSEC'}
2922908537,Cyber Security Incident Response,{'GCFA', 'CISA', 'GCFE', 'GCIH', 'CISM', 'CCIM', 'CISSP'}
2955819101,Senior Associate Cybersecurity Analyst,set()
2949866582,Cybersecurity Analyst,set()
2953094511,Cybersecurity Officer - Global Service-Remote,{'CISSP'}
2947009180,Information Security Analyst,set()
2942908777,Jr. Cyber Security Analyst,{'RMF', 'Security+', 'CompTIA'}
2942908777,Jr. Cyber Security Analyst,{'RMF', 'Security+', 'CompTIA'}
2947069903,Information System Security Officer (ISSO),set()
2940561377,Cybersecurity Architecture, Engineer I,set()
2955862717,ISSO - Cybersecurity Staff,{'III', 'IAM', 'CISSP'}
2959454965,Sr Cybersecurity Analyst, Vendor Risk Management,set()
2906701719,Cybersecurity Associate - Controls - Summer 2022 - West Hartford, CT,{'HCISPP', 'CISA', 'QSA', 'Security+', 'CISSP'}
2912668937,Senior Program Manager - Cybersecurity,{'CSM', 'PMI-ACP', 'PMP'}
2923517939,Cyber Security/Systems (Summer/Fall Co-op),set()
2935920719,Director of Cybersecurity,set()
2912668937,Senior Program Manager - Cybersecurity,{'CSM', 'PMI-ACP', 'PMP'}
2923517939,Cyber Security/Systems (Summer/Fall Co-op),set()
2935920719,Director of Cybersecurity,set()
2828486604,Cybersecurity, Threat Analyst (Part time, Remote),set()
2922906912,Cyber Security Incident Response,{'GCFA', 'CISA', 'GCFE', 'GCIH', 'CISM', 'CCIM', 'CISSP'}
2922906918,Cyber Security Incident Response,{'GCFA', 'CISA', 'GCFE', 'GCIH', 'CISM', 'CCIM', 'CISSP'}
2947011635,Cyber Security Engineer,set()
2957821145,Cybersecurity Engineer- Junior,{'CAP', 'IAM', 'Sec+', 'A+', 'CEH', 'NQV'}
2944203741,Cybersecurity Project Specialist,{'KPI'}
2796179303,Lead Cybersecurity Analyst,set()
2935920719,Director of Cybersecurity,set()
2923980835,Cybersecurity Engineer I (remote capability),{'CCNA', 'SSCP', 'GCFA', 'GCIH', 'GCFE', 'Security+', 'GSEC', 'CISSP', 'CEH', 'OCSP'}
2941956290,Cybersecurity Analyst,{'CEH', 'Security+', 'CompTIA'}
2955866699,Cyber Security Engineer,{'IAT', 'DOD'}
2929337300,Lead Cybersecurity Analyst - SOX IT,set()
2955836332,Cybersecurity Engineer,{'CISSP'}
2957873097,IT CYBERSECURITY SPECIALIST (INFOSEC),{'INFOSEC'}
2947010960,Product Exploitation Threat Analyst,set()
2922911213,Cyber Security Incident Response,{'GCFA', 'CISA', 'GCFE', 'GCIH', 'CISM', 'CCIM', 'CISSP'}
2950300388,Cybersecurity Analyst,set()
2905282893,Special Agent: Cybersecurity/Technology Background,set()
2904774388,2022 Summer Intern - Cyber Security/ IT,set()
2839769809,University Associate, Cybersecurity,set()
2955866699,Cyber Security Engineer,{'IAT', 'DOD'}
2955836332,Cybersecurity Engineer,{'CISSP'}
2957873097,IT CYBERSECURITY SPECIALIST (INFOSEC),{'INFOSEC'}
2947010960,Product Exploitation Threat Analyst,set()
2922911213,Cyber Security Incident Response,{'GCFA', 'CISA', 'GCFE', 'GCIH', 'CISM', 'CCIM', 'CISSP'}
2950300388,Cybersecurity Analyst,set()
2941307938,Senior Cybersecurity Analyst,{'CISSP', 'GCIA', 'Security+', 'GCIH'}
2940701388,Assoc Cyber Information Assurance - Security,{'CAP', 'IAM', 'GPA', 'COVID-19', 'Cloud+', 'HCISSP', 'EEO', 'PTO', 'GSLC', 'CND'}
2925235526,Public Notice for Engineering Cybersecurity Positions,set()
2925234577,Public Notice for Engineering Cybersecurity Positions,set()
2950302818,Cybersecurity Analyst,set()
2909136775,Cybersecurity Summer Institute - Graduate,set()
2950095911,Cybersecurity Analyst,set()
2951268686,IT Security Engineer, Associate,set()
2937113781,Analyst, Cybersecurity,set()
2941175175,2022 Summer Intern - Cyber Security/ IT,set()
2922906871,Cyber Security Incident Response,{'GCFA', 'CISA', 'GCFE', 'GCIH', 'CISM', 'CCIM', 'CISSP'}
2950303184,Cybersecurity Analyst,set()
2921324299,Cybersecurity Associate - Controls - Summer 2022 - Quincy, MA,{'HCISPP', 'CISA', 'QSA', 'Security+', 'CISSP'}
2950304064,Cybersecurity Analyst,set()
2937167638,Senior Cybersecurity Analyst Job,{'CISA', 'CISM'}
2922265570,Cybersecurity Analyst,set()
2909136775,Cybersecurity Summer Institute - Graduate,set()
2922910414,Cyber Security Incident Response,{'GCFA', 'CISA', 'GCFE', 'GCIH', 'CISM', 'CCIM', 'CISSP'}
2909937360,Cybersecurity IT Technology Leader,set()
2950308515,Cybersecurity Analyst,set()
2959405944,Security Analyst (Tier 2),{'GCIH', 'ECIH', 'CEH', 'Networking+', 'CompTIA'}
2957853766,Cybersecurity Specialist,set()
2934668863,Cybersecurity Awareness Associate,{'CISM', 'CISSP'}
2929049377,Incident Response Specialist II, Cybersecurity,set()
2920990711,Cybersecurity Analyst,set()
2739840220,Cybersecurity Penetration Tester,{'GPEN', 'OSCP', 'CEH'}
2952258705,Cybersecurity Analyst,set()
2846515947,Cybersecurity Analyst,set()
2814016409,Cybersecurity Analyst - Multiple Opportunities - China Lake,set()
2918629810,Cybersecurity Engineer II - Ping Federate (Remote),set()
2950302403,Cybersecurity Analyst,set()
2949099720,Threat Reduction Analyst,set()
2950301776,Cybersecurity Analyst,set()
2867218972,Cybersecurity Analyst,{'PKI', 'LAN', 'VPN', 'CISSP', 'WAN'}
2934465008,Jr. Cybersecurity Engineer,{'CCNA', 'CSSP', 'CEH'}
2922265570,Cybersecurity Analyst,set()
2944401048,Cybersecurity Analyst,set()
2924102005,Cyber Security/Systems (Summer/Fall Co-op),set()
2892685241,Cyber Security Roles,set()
2846515947,Cybersecurity Analyst,set()
2915387589,Cybersecurity Analyst I,set()
2814016409,Cybersecurity Analyst - Multiple Opportunities - China Lake,set()
2918629810,Cybersecurity Engineer II - Ping Federate (Remote),set()
2955860996,Cyber Security Engineer,{'III', 'IAT'}
2867218972,Cybersecurity Analyst,{'PKI', 'LAN', 'VPN', 'CISSP', 'WAN'}
2934465008,Jr. Cybersecurity Engineer,{'CCNA', 'CSSP', 'CEH'}
2941563633,Cybersecurity Engineer (Part-Time),{'GPEN', 'OSCP'}
2950302403,Cybersecurity Analyst,set()
2950301776,Cybersecurity Analyst,set()
2924102005,Cyber Security/Systems (Summer/Fall Co-op),set()
2950307063,Cybersecurity Analyst,set()
2955863856,Classified Cybersecurity Associate,set()
2933526639,Cybersecurity Operations Center Analyst,{'Security+'}
2891141298,Public Notice for Engineering Cybersecurity Positions,set()
2955863856,Classified Cybersecurity Associate,set()
2933526639,Cybersecurity Operations Center Analyst,{'Security+'}
2891141298,Public Notice for Engineering Cybersecurity Positions,set()
2957026099,Cyber Security Engineer (Operations Center) - Full time - Days,set()
2941678504,Cybersecurity Operations Center Analyst,set()
2955862978,Classified Cybersecurity Risk Monitor,{'IAM'}
2902774441,Cybersecurity Consultant (REMOTE),{'CISA', 'CHP', 'CCIE-Security', 'PCI-QSA', 'CISM', 'CEH', 'CISSP'}
2892991215,Cybersecurity Full Stack/Cloud Engineer,set()
2950098911,Cybersecurity Analyst,set()
2948995058,Application Support Engineer - Cyber Security,{'GIAC', 'SANS', 'ITIL'}
2950303395,Cybersecurity Analyst,set()
2952258705,Cybersecurity Analyst,set()
2955522564,Associate Director-Cybersecurity,set()
2950096722,Cybersecurity Analyst,set()
2915704146,Systems Engineer - Cybersecurity,set()
2955868273,Cyber Security Engineer,{'SSCP', 'Security+', 'IAT', 'GSEC', 'CCNA-Security', 'CompTIA'}
2958438893,Cyber Security Analyst,set()
2739163275,Cybersecurity Penetration Tester,{'GPEN', 'OSCP', 'CEH'}
2921326149,Senior Security Engineer - Cybersecurity - Governance, Risk & Compliance,{'CISA', 'CRISC', 'CASP+', 'CDPSE', 'CEH', 'CISSP'}
2948995057,Application Support Engineer - Cyber Security,{'GIAC', 'SANS', 'ITIL'}
2739162297,Cybersecurity Penetration Tester,{'GPEN', 'OSCP', 'CEH'}
2946576629,Cybersecurity Engineer,{'CISM', 'CISSP'}
2923813966,IT Cybersecurity Analyst,set()
2923813966,IT Cybersecurity Analyst,set()
2913622693,Cybersecurity Engineer II - Ping Federate (Remote),set()
2922910367,Cyber Security Incident Response,{'GCFA', 'CISA', 'GCFE', 'GCIH', 'CISM', 'CCIM', 'CISSP'}
2957877795,Ethical Hacking Analyst,{'CEH', 'OSCP', 'CISSO', 'GWAPT'}
2937113781,Analyst, Cybersecurity,set()
2928014671,Cyber Security Support,set()
2944220895,Analyst, Cyber Defense,set()
2739158902,Cybersecurity Penetration Tester,{'GPEN', 'OSCP', 'CEH'}
2950098902,Cybersecurity Analyst,set()
2941956290,Cybersecurity Analyst,{'CEH', 'Security+', 'CompTIA'}
2926282164,Cybersecurity Analyst V (MV) - 35035,set()
2949103355,Threat Reduction Analyst,set()
2934441144,Experienced Cybersecurity Engineer,set()
2916336018,Clinical Systems Analyst 2, Cybersecurity - UHealth IT,set()
2949099720,Threat Reduction Analyst,set()
2959559222,NOC Linux Technician,set()
2919576151,Cybersecurity Manager--VIRTUAL,{'CCNA', 'GCED', 'RHCE', 'GPPA', 'GSEC', 'MCSE', 'CISSP'}
2919572491,Cybersecurity Manager--VIRTUAL,{'CCNA', 'GCED', 'RHCE', 'GPPA', 'GSEC', 'MCSE', 'CISSP'}
2957879377,Ethical Hacking Analyst,{'CEH', 'OSCP', 'CISSO', 'GWAPT'}
2950303291,Cybersecurity Analyst,set()
2948999869,Junior Cyber Network Defense Analyst,set()
2738332040,Cybersecurity Penetration Tester,{'GPEN', 'OSCP', 'CEH'}
2952778718,Cybersecurity Awareness Analyst,{'GCTI', 'GCIA', 'Security+', 'GCIH', 'CEH', 'CISSP'}
2960201065,Junior Information Security Analyst,set()
2917791120,Cyber Software Security Specialist,set()
2955869373,Computer Forensic and Intrusion Analyst,{'EnCE', 'ACE', 'CFCE', 'GIAC'}
2951830713,Cybersecurity Analyst,set()
2738327668,Cybersecurity Penetration Tester,{'GPEN', 'OSCP', 'CEH'}
2941563633,Cybersecurity Engineer (Part-Time),{'GPEN', 'OSCP'}
2955777459,Cyber Security Specialist,set()
2923813966,IT Cybersecurity Analyst,set()
2952065947,Director, Cybersecurity Engineering,set()
2941085766,Cyber Security Engineer - New Graduate,{'IAT', 'Security+'}
2738326692,Cybersecurity Penetration Tester,{'GPEN', 'OSCP', 'CEH'}
2952778718,Cybersecurity Awareness Analyst,{'GCTI', 'GCIA', 'Security+', 'GCIH', 'CEH', 'CISSP'}
2947578713,Junior Cybersecurity Specialist,set()
2945930783,Associate Incident and Threat Analyst,set()
2960201065,Junior Information Security Analyst,set()
2955869373,Computer Forensic and Intrusion Analyst,{'EnCE', 'ACE', 'CFCE', 'GIAC'}
2914208627,Cybersecurity Analyst,{'GAWN', 'GWAPT', 'GPEN', 'OSCP', 'GSEC', 'GCFW', 'CISSP'}
2944401048,Cybersecurity Analyst,set()
2946645590,Security Analyst Intern,set()
2739840225,Cybersecurity Penetration Tester,{'GPEN', 'OSCP', 'CEH'}
2739838287,Cybersecurity Penetration Tester,{'GPEN', 'OSCP', 'CEH'}
2738327668,Cybersecurity Penetration Tester,{'GPEN', 'OSCP', 'CEH'}
2955777459,Cyber Security Specialist,set()
2950096665,Cybersecurity Analyst,set()
2918160171,Cybersecurity Director (Hybrid),{'CCISO', 'CISM', 'CISSO'}
2952065947,Director, Cybersecurity Engineering,set()
2953092865,Cybersecurity Systems Engineer ** REMOTE - U.S. **,{'GIAC'}
2955747714,Cyber Intrusion Analyst I,{'CCE', 'EnCE', 'Security+', 'ACE', 'CEH', 'CISSP'}
2917027584,Cybersecurity Technologist - Data Loss Prevention,set()
2922242976,Endpoint Cybersecurity Engineer,{'SANS', 'CompTIA'}
2940616561,Threat Intelligence Analyst, Child Safety,set()
2940616561,Threat Intelligence Analyst, Child Safety,set()
2738330263,Cybersecurity Penetration Tester,{'GPEN', 'OSCP', 'CEH'}
2739841213,Cybersecurity Penetration Tester,{'GPEN', 'OSCP', 'CEH'}
2955752076,Cybersecurity Mobile Device Management,set()
2959297852,Cybersecurity Data Analyst,{'Network+', 'Security+', 'CISSP'}
2946285000,Cybersecurity, Privacy and Forensics - Privacy - Associate,set()
2922913010,Cyber Security Incident Response,{'GCFA', 'CISA', 'GCFE', 'GCIH', 'CISM', 'CCIM', 'CISSP'}
2958124270,Information Systems Security Officer,{'Security+', 'IAT', 'Network+', 'RMF', 'CompTIA'}
2946871854,IT Intern,set()
2931614655,Cybersecurity Response (Hybrid),{'CISA', 'GCIH', 'CISSP'}
2915704142,Systems Engineer - Cybersecurity,set()
2950098491,Cybersecurity Analyst,set()
2876459293,Special Agent: Cybersecurity/Technology Background,set()
2946005273,Cyber Threat Analyst,{'CCE', 'EnCE', 'Security+', 'ACE', 'CEH', 'CISSP'}
2923579448,Cybersecurity Analyst,set()
2951830713,Cybersecurity Analyst,set()
2930374930,Cybersecurity Analyst,set()
2739839256,Cybersecurity Penetration Tester,{'GPEN', 'OSCP', 'CEH'}
2944074935,Threat Analyst,set()
2949294221,Cyber Security Engineer,set()
2944074935,Threat Analyst,set()
2949294221,Cyber Security Engineer,set()
2950186169,Cybersecurity Engineer,{'CISM', 'CISSP'}
2866423745,2023 Cybersecurity Staff,set()
2946281456,Cybersecurity, Privacy and Forensics - Privacy - Associate,set()
2739835691,Cybersecurity Penetration Tester,{'GPEN', 'OSCP', 'CEH'}
2941175175,2022 Summer Intern - Cyber Security/ IT,set()
2952489457,Cybersecurity Consultant,set()
2959703319,Cyber Security Analyst,{'CISSP'}
2955473015,2022 Summer Intern - Cyber Security/ IT,set()
2945785167,Cyber Security Analyst,set()
2796716037,Cybersecurity Staff Consultant - Attack & Penetration - Red Team- Open Location,{'OSEE', 'GWAPT', 'OSCE', 'OSWP', 'GPEN', 'OSCP', 'GXPN'}
2739841226,Cybersecurity Penetration Tester,{'GPEN', 'OSCP', 'CEH'}
2739839263,Cybersecurity Penetration Tester,{'GPEN', 'OSCP', 'CEH'}
2942394935,IT Security Engineer - 32116,set()
2948989836,Application Support Engineer - Cyber Security,{'GIAC', 'SANS', 'ITIL'}
2907674060,Summer 2022 Risk, Internal Audit and Cybersecurity Consultant,set()
2954214993,Cybersecurity Services Analyst,set()
2906394309,Cybersecurity Analyst,{'CCDP', 'Security+', 'IASAE', 'OSCP', 'CEH', 'MCSE', 'RHCSE'}
2916113280,Cybersecurity Program Manager Lead - Core Technology Infrastructure,{'PMP', 'ITIL'}
2955737010,Cybersecurity Senior Manager,{'ISC', 'ISACA', 'AWS', 'SANS'}
2884279305,Sr Cybersecurity Analyst - Controls Assurance,{'CISA', 'CIPP', 'CISSP'}
2739836486,Cybersecurity Penetration Tester,{'GPEN', 'OSCP', 'CEH'}
2738329549,Cybersecurity Penetration Tester,{'GPEN', 'OSCP', 'CEH'}
2955753042,Cybersecurity Application Architect,set()
2932542130,Global Head of Cybersecurity for Digitalization,set()
2957875860,Ethical Hacking Analyst,{'CEH', 'OSCP', 'CISSO', 'GWAPT'}
2739165150,Cybersecurity Penetration Tester,{'GPEN', 'OSCP', 'CEH'}
2950301076,Cybersecurity Analyst,set()
2885250397,Incident Response Specialist II, Cybersecurity,set()
2933401853,Data Loss Prevention Engineer - Cyber Security,{'GIAC', 'SANS', 'ITIL'}
2739837334,Cybersecurity Penetration Tester,{'GPEN', 'OSCP', 'CEH'}
2944581185,Cyber Analyst,{'Security+', 'CEH'}
2955568821,Cybersecurity Operations Center Analyst,{'Security+'}
2738327554,Cybersecurity Penetration Tester,{'GPEN', 'OSCP', 'CEH'}
2958365478,Network Security Analyst 3,set()
2922476470,Cybersecurity Engineer,set()
2902333867,Senior Cybersecurity Analyst- REMOTE,set()
2955864784,Cyber Security Engineer,{'IAT', 'DOD'}
2919575165,Cybersecurity Manager--VIRTUAL,{'CCNA', 'GCED', 'RHCE', 'GPPA', 'GSEC', 'MCSE', 'CISSP'}
2739839237,Cybersecurity Penetration Tester,{'GPEN', 'OSCP', 'CEH'}
2739165099,Cybersecurity Penetration Tester,{'GPEN', 'OSCP', 'CEH'}
2949204190,Cyber Security Analyst,set()
2931481087,Cybersecurity Advisor,{'CISA', 'Security+', 'GIAC', 'CISSP', 'CEH', 'ITIL'}
2888684839,Lead Cybersecurity Analyst,{'CISSP', 'GCIA', 'Security+', 'GCIH'}
2739841257,Cybersecurity Penetration Tester,{'GPEN', 'OSCP', 'CEH'}
2952165991,Information Security Awareness Advisor,set()
2940807630,Director of Recruiting, Cybersecurity - Remote,set()
2927328527,Cybersecurity Specialist ‚Äê Mid-Level (Remote during COVID),{'CISA', 'CISSP-ISSAP', 'CRISC', 'CISM', 'CISSP', 'GDSA'}
2738330245,Cybersecurity Penetration Tester,{'GPEN', 'OSCP', 'CEH'}
2959579282,Cyber Security Analyst,set()
2943693008,Senior Cybersecurity Engineer,{'GPEN', 'OSCE', 'OSCP', 'OSWE'}
2952201492,Cybersecurity Operations Analyst - Expert-Forensics,set()
2945588541,Cyber Security Engineer,set()
2947076473,Associate Cyber Security Penetration Tester- Spring 2022- Bellevue, WA,{'GWAPT', 'OSWP', 'GPEN', 'OSCP', 'CEH'}
2960153380,Information Technology and Information Security Counsel,set()
2897201175,Cybersecurity Software Engineer,set()
2773878526,Mid Cybersecurity Analyst (CSAM),set()
2943744433,Windows Security Analyst,{'MCSE', 'MCSA'}
2796709949,Cybersecurity Staff Consultant - Attack & Penetration - Red Team- Open Location,{'OSEE', 'GWAPT', 'OSCE', 'OSWP', 'GPEN', 'OSCP', 'GXPN'}
2931505921,Cybersecurity Penetration Tester,{'GPEN', 'OSCP', 'CEH'}
2888684839,Lead Cybersecurity Analyst,{'CISSP', 'GCIA', 'Security+', 'GCIH'}
2739841257,Cybersecurity Penetration Tester,{'GPEN', 'OSCP', 'CEH'}
2943269986,Network Security Analyst (Remote),set()
2942221769,Assoc Director/Director, Cybersecurity,set()
2940807630,Director of Recruiting, Cybersecurity - Remote,set()
2931948351,Cybersecurity Technologist - Vendor Management,set()
2931948351,Cybersecurity Technologist - Vendor Management,set()
2938873799,Cybersecurity Consultant,{'IAM', 'CISA', 'CISM', 'CISSP'}
2796531038,Criminal Intelligence Analyst (Cybersecurity Intel),set()
2931502366,Sr. Director, IT Cybersecurity & Risk,set()
2738330245,Cybersecurity Penetration Tester,{'GPEN', 'OSCP', 'CEH'}
2959579282,Cyber Security Analyst,set()
2943693008,Senior Cybersecurity Engineer,{'GPEN', 'OSCE', 'OSCP', 'OSWE'}
2933470749,Cyber Security Specialist,set()
2917109538,Federal - Cyber Security Specialist - 4169479,{'ISSM'}
2953807288,Jr. Cyber Security Analyst,set()
2938160417,Cybersecurity Administrator,{'Sec+'}
2949802582,üîê Cyber Security Operator (Jr. Analyst) - Loc. SLC, Utah,set()
2946891393,Cybersecurity Operations Analyst - Expert,set()
2909569013,Remote Cybersecurity Business Systems Analyst IV,set()
2889656089,Cybersecurity Engineer,{'CSSP'}
2917109538,Federal - Cyber Security Specialist - 4169479,{'ISSM'}
2739158939,Cybersecurity Penetration Tester,{'GPEN', 'OSCP', 'CEH'}
2937425792,Manager, Cyber Security,set()
2918183735,Remote Full-time Cybersecurity Engineer role (Threat Management),set()
2945782912,Cybersecurity Senior Consultant - Application Security - DevSecOps - Open Location,set()
2952270118,Cybersecurity Forensics & Investigation (CSOC),set()
2949808987,L2 Security Analyst,{'CCNA', 'GCIA', 'GCFA', 'CCNP', 'GCIH', 'GPEN', 'CISSP', 'CEH'}
2950307509,Cyber Security Engineer,set()
2955756091,Account Executive - cybersecurity,set()
2917022913,Cybersecurity Technologist - Vendor Management,set()
2955753009,Cybersecurity Splunk Engineer,set()
2950365854,Systems Engineer - Undergrad New College Grad - Multiple Locations - 2022,set()
2941500983,Cybersecurity Vulnerability Management Analyst - Remote,{'SSCP', 'Security+', 'ISC', 'Network+', 'CompTIA'}
2739163268,Cybersecurity Penetration Tester,{'GPEN', 'OSCP', 'CEH'}
2960274255,Cybersecurity Software Engineer,set()
2882810787,Technical Expert, Cybersecurity,set()
2909567113,Remote Cybersecurity Business Systems Analyst IV,set()
2914273972,Cybersecurity Support Engineer/Info Tech III,set()
2917022913,Cybersecurity Technologist - Vendor Management,set()
2739158939,Cybersecurity Penetration Tester,{'GPEN', 'OSCP', 'CEH'}
2937425792,Manager, Cyber Security,set()
2945782912,Cybersecurity Senior Consultant - Application Security - DevSecOps - Open Location,set()
2950099043,Cybersecurity Analyst,set()
2950307509,Cyber Security Engineer,set()
2943927191,Information Security Manager (Remote),set()
2955756091,Account Executive - cybersecurity,set()
2942203272,Director for Cybersecurity Communications, Awareness and Training,{'CISA', 'CISSP'}
2909568090,Remote Cybersecurity Business Systems Analyst IV,set()
2738331298,Cybersecurity Penetration Tester,{'GPEN', 'OSCP', 'CEH'}
2913790775,Cybersecurity Engineer II - Resiliency, Automation and System Integration (Remote),set()
2796708994,Cybersecurity Staff Consultant - Attack & Penetration - Red Team- Open Location,{'OSEE', 'GWAPT', 'OSCE', 'OSWP', 'GPEN', 'OSCP', 'GXPN'}
2955864965,ISSO - Classified Cybersecurity,{'SEC+', 'IAT'}
2923700805,CyberSecurity Lead,set()
2931326233,Cybersecurity Specialist - 21593,set()
2950096563,Security Engineer,set()
2796710511,Cybersecurity Staff Consultant - Attack & Penetration - Red Team- Open Location,{'OSEE', 'GWAPT', 'OSCE', 'OSWP', 'GPEN', 'OSCP', 'GXPN'}
2739164169,Cybersecurity Penetration Tester,{'GPEN', 'OSCP', 'CEH'}
2946278925,Cybersecurity, Privacy and Forensics - Privacy - Associate,set()
2795268014,Manager, Cybersecurity Governance and Risk,set()
