CEH,76
CISSP,66
OSCP,50
Security+,49
GPEN,45
GCIH,30
CISA,27
CISM,19
GCFA,19
GCFE,17
GSEC,16
CCNA,15
IAT,14
CompTIA,13
GCIA,13
SSCP,13
GIAC,12
CCIM,11
INFOSEC,10
ITIL,10
GWAPT,9
GCTI,8
MCSE,6
OSCE,6
SANS,6
GREM,5
IAM,5
OSWP,5
RMF,5
ACE,4
CCNP,4
CISSO,4
EnCE,4
GCED,4
GMON,4
GXPN,4
Network+,4
OSEE,4
PMP,4
CRISC,3
CSSP,3
DOD,3
GPPA,3
III,3
ISC,3
PKI,3
RHCE,3
SIEM,3
ATO,2
CAP,2
CCE,2
CCNA-Security,2
CFCE,2
CSM,2
DoDI,2
HCISPP,2
ISSM,2
LAN,2
OCSP,2
OSWE,2
PMI-ACP,2
QSA,2
SAP,2
SCNP,2
Sec+,2
VPN,2
WAN,2
A+,1
AWS,1
C+,1
CASP+,1
CCDP,1
CCIE-Security,1
CCISO,1
CCNP-Security,1
CDPSE,1
CERTIFICATIONS,1
CHP,1
CIH,1
CIPP,1
CISSP-ISSAP,1
CND,1
COOP,1
COVID-19,1
CSA+,1
Cloud+,1
DIACAP,1
DITSCAP,1
ECIH,1
EEO,1
EKMS,1
GAWN,1
GCFW,1
GDSA,1
GICSP,1
GISP,1
GPA,1
GSLC,1
HCISSP,1
IASAE,1
IDS,1
IPS,1
ISACA,1
JSIG,1
KPI,1
MCP,1
MCSA,1
NQV,1
Networking+,1
PCI-QSA,1
PHP,1
PTO,1
RHCSE,1
RTS,1
SEC+,1
