2941181887,Security Engineer, Incident Response,{'CEH', 'SANS', 'CISSP', 'Security+'}
2910544050,Incident Response Manager,set()
2950432613,Technical Program Manager, Incident Response - Slack,set()
2867397757,Threat Analyst, Harassment & Bullying,set()
2950431649,Technical Program Manager, Incident Response - Slack,set()
2940216495,User and Provider Security Analyst (Remote),{'EPIC'}
2941138597,Information Security Internship (Fall 2022),set()
2941168569,Expert Incident Response Coordinator (Open to remote work, except the following locations: SD, VT, and WV),set()
2955771512,Incident Response Analyst,{'GPEN', 'GCIH', 'GCIA', 'SANS', 'CISSP'}
2947033729,CSIRT Incident Response Lead,{'GCIH', 'CNDCERT', 'CISM', 'GNFA', 'GCFA', 'E-CIH', 'CEH', 'CASP+', 'CISSP'}
2900090763,Info Security Analyst Program,set()
2877052253,Information Security Internship,{'OSCP', 'SANS', 'COMPTIA', 'Security+'}
2867602254,Threat Analyst, Minor Safety,set()
2959895637,Info Security Analyst Program,set()
2937964356,Cyber Security Defense Analyst Entry Level- (Hill AFB),set()
2921686681,KCERT - Incident Response Consultant (REMOTE),{'CISA', 'CISSP', 'Security+'}
2959894702,Info Security Analyst Program,set()
2928873509,Information Security Incident Response Analyst,set()
2866426715,Incident Response Specialist / Junior Cybersecurity Opportunity,{'Sec+', 'CompTIA'}
2941186697,Info Security Analyst - Remote,set()
2924914203,Expert Vulnerability Management Engineer (Open to remote work, except the following locations: SD, VT, and WV),set()
2934112201,Forensic Investigator,set()
2779870155,Program Manager, Privacy Incident Response,set()
2954742614,IT Incident & Problem Manager,{'ITIL'}
2930293336,Intern Cyber Defense (Summer 2022),set()
2867399610,Threat Analyst, Illegal and Related Goods,set()
2937552963,Incident Response Internship - Summer 2022 (Remote US),set()
2927617123,Security Analyst Intern (Summer 2022),set()
2938581530,Analista de Segurança da Informação,set()
2874141017,Security Analyst - Entry Level,set()
2843470996,Security Operations Analyst Intern,set()
2957879451,SOC Analyst 1 - Cyber Security Defense - B6,set()
2933585136,Endpoint Security Operations Specialist (US),{'GSEC', 'Security+', 'Network+', 'EDR', 'CISA', 'CISSP'}
2866195326,Sr. CS Incident Response Engineer,set()
2772469861,Threat Intelligence/SOC Analyst (Special Projects),{'GCTI', 'Security+', 'GCIH', 'COMPTIA', 'SANS', 'CIPP', 'GIAC'}
2937007097,Incident Response Internship - Summer 2022 (Remote US),set()
2888210477,Internship - Security Analyst (Remote),set()
2932803579,Director, Crisis Management (Enterprise Operations) - REMOTE,{'HSEEP', 'DRII', 'BCI'}
2932226355,Sr. Information Security Specialist,set()
2900073761,IT Security Engineer,set()
2922462591,Incident Response Engineer (Remote),{'CISA', 'CIPT', 'CDPSE'}
2894143136,Senior Incident Manager,set()
2950403531,Information Security Analyst Intern,set()
2861093314,Incident Response Manager,set()
2917528576,Remote Jr. Security TPRM Analyst,{'CISA', 'CISSP'}
2920749425,Security Incident Response Analyst,set()
2952180455,Incident Response Coordinator,set()
2927539736,Incident Response Analyst,{'ITIL'}
2946515434,Incident Response Analyst,set()
2916930149,Cyber Threat Intelligence Analyst,{'SANS', 'ISACA', 'ISC'}
2959206914,Incident Response Internship - Summer 2022 (Remote US),set()
2933144735,Incident Response Consultant,set()
2867600636,Threat Analyst, Integrity & Authenticity,set()
2945990900,Incident Analyst,set()
2884861272,Lead Incident Response Analyst,set()
2943942232,Senior Major Incident Manager,set()
2946515440,Incident Response Analyst,set()
2944547697,2022 Summer Internship Program - Cybersecurity,set()
2946518108,Incident Response Analyst,set()
2922580462,Incident Response Analyst,{'CEH', 'CISSP'}
2946516368,Incident Response Analyst,set()
2923234205,IT Incident and Escalation Specialist,{'ITIL'}
2918586240,Remote Jr. Security TPRM Analyst,set()
2867398811,Threat Analyst, Suicide, Self Harm, Dangerous Acts, and Violent and Graphic Content,set()
2946518115,Incident Response Analyst,set()
2912804845,Incident Analyst,{'ITIL'}
2918203984,Information Security Analyst - Undergraduate Intern.,set()
2894145056,Senior Incident Manager,set()
2829205719,Security Analyst Intern - Governance, Risk, and Compliance,set()
2922460821,Incident Response Engineer (Remote),{'CISA', 'CIPT', 'CDPSE'}
2923743361,Analyst - IT Cyber Security,set()
2861091857,Incident Response Manager,set()
2960218445,AVC of IT Security & Compliance,set()
2889590206,Incident Response Analyst,{'CEH', 'CISSP'}
2916070182,Cyber Security Analyst - Tier 1 (Remote),set()
2935806189,Security Analyst,set()
2944014564,Cybersecurity Engineering & Incident Response Internship,set()
2946514633,Incident Response Analyst,set()
2880333389,SOC Analyst,{'CEH', 'CISSP'}
2927875946,IT Incident and Escalation Specialist,{'ITIL'}
2926779957,SOC Analyst - Exempt (Remote),{'GCIH', 'CISSP'}
2941148124,Incident Response - Information Security - REMOTE,{'GCIH', 'CRISC', 'CISSP', 'GIAC'}
2954751909,Cybersecurity Analyst, Junior,{'CEH', 'Security+'}
2949502917,Cybersecurity Summer Internship,set()
2931706582,2022 Summer Intern - Cybersecurity,set()
2918573960,Problem and Incident Analyst,set()
2946514638,Incident Response Analyst,set()
2920749427,Security Incident Response Analyst,set()
2952496598,IT Security Specialist,{'CEH', 'CIH'}
2958765639,Intern, Information Security,set()
2949103355,Threat Reduction Analyst,set()
2918576657,Problem and Incident Analyst,set()
2839754492,University Intern, Cybersecurity,set()
2947571507,Problem & Compliance Manager,set()
2954232293,Cybersecurity Intern,set()
2913253002,Security Analyst,{'PTO'}
2921600713,Sr Major Incident Manager,set()
2949099720,Threat Reduction Analyst,set()
2946517140,Incident Response Analyst,set()
2916034073,Cyber Security Analyst - Tier 1 (Remote),set()
2952216573,Cyber Security Summer Intern,{'AWS'}
2866196150,Sr. CS Incident Response Engineer,set()
2799125991,Incident Response Analyst,set()
2954741690,IT Incident & Problem Manager,{'ITIL'}
2935803526,Security Analyst,set()
2922574994,Incident Response Analyst,{'CEH', 'CISSP'}
2940463641,Intern, Security Analyst,set()
2867602476,Threat Analyst, Violent Extremism and Hateful Behavior,set()
2959840547,Cyber Threat Intelligence Analyst,{'GREM', 'GCTI', 'Security+', 'CEH', 'CISSP'}
2946516353,Incident Response Analyst,set()
2957530700,Technical Program Manager, Incident Response - Slack,set()
2922912181,Cyber Security Incident Response,{'GCIH', 'GCFE', 'CCIM', 'CISM', 'GCFA', 'CISA', 'CISSP'}
2922908537,Cyber Security Incident Response,set()
2922578572,Incident Response Analyst,{'CEH', 'CISSP'}
2918207473,Information Security Analyst - Undergraduate Intern,set()
2910161546,Information Security Analyst - Remote,set()
2916346974,Cyber Security Analyst (Digital Forensics/Incident Response),{'AWS', 'GCP', 'Cloud+', 'EC-Council', 'ISACA', 'ISCAC', 'SANS', 'ISC'}
2954833648,INTERN: CyberSecurity Analyst,set()
2922465295,Incident Response Engineer (Remote),{'CISA', 'CIPT', 'CDPSE'}
2929049377,Incident Response Specialist II, Cybersecurity,set()
2936014698,Security Analyst 2 – GRC,{'ISACA', 'ISC', 'GIAC'}
2940290182,Information Security Compliance Analyst,{'CMMC'}
2922578586,Incident Response Analyst,{'CEH', 'CISSP'}
2897546756,Information Security Internship,set()
2939709556,Information Security Intern,set()
2946512979,Incident Response Analyst,set()
2918210093,Information Security Analyst - Undergraduate Intern,set()
2946267086,Incident Response/Investigators - Remote,{'GREM', 'GCIH', 'GCFA', 'SANS', 'OSCP', 'CISSP', 'GIAC'}
2957912210,Junior Security Analyst,set()
2941133518,Information Security Intern (Summer 2022),set()
2945421821,Major Incident / Problem Manager,set()
2946517133,Incident Response Analyst,set()
2945930783,Associate Incident and Threat Analyst,set()
2934461038,Security Training and Compliance Specialist,set()
2946516381,Incident Response Analyst,set()
2918819269,Principal Analyst - Incident Response & Threat Hunting (Remote),set()
2954733400,Intern, Security Operations Center (SOC) Analyst,{'GCED', 'GSEC', 'GCIA', 'SANS', 'GMON'}
2918582605,Jr. information Security Analyst (Remote),set()
2941197512,Information Security Intern (Summer 2022),set()
2798019590,Sr. Incident Remediation Mgr, SAIF Incident Response and Remediation,set()
2946515426,Incident Response Analyst,set()
2891917823,Incident Response Analyst,set()
2924714364,Incident Response Analyst,set()
2959839864,Cyber Threat Intelligence Analyst,{'GREM', 'GCTI', 'Security+', 'CEH', 'CISSP'}
2931670640,Security Analyst,{'AWS'}
2922906918,Cyber Security Incident Response,{'GCIH', 'GCFE', 'CCIM', 'CISM', 'GCFA', 'CISA', 'CISSP'}
2934014887,Digital Forensics & Incident Response (DFIR) Lead,set()
2936162997,Intern, Security Analyst,set()
2924358002,Tier 1 Security Analyst,set()
2889590212,Incident Response Analyst,{'CEH', 'CISSP'}
2913253002,Security Analyst,{'PTO'}
2922908541,Cyber Security Incident Response,{'GCIH', 'GCFE', 'CCIM', 'CISM', 'GCFA', 'CISA', 'CISSP'}
2933561229,IT Compliance Analyst,set()
2946871767,Cybersecurity Intern,{'NIST', 'CSF', 'ISO', 'GDPR', 'DFARS', 'CMMC'}
2946513666,Incident Response Analyst,set()
2798052390,Command Center Major Incident Response Manager,set()
2922579509,Incident Response Analyst,{'CEH', 'CISSP'}
2922463474,Incident Response Engineer (Remote),{'CISA', 'CIPT', 'CDPSE'}
2959095258,Tier 2 Incident Response Analyst,set()
2919722651,Intern (Corporate) - Information Security,set()
2944329348,2022 Summer Internships - Legal - Digital Forensic Analyst,set()
2922906912,Cyber Security Incident Response,{'GCIH', 'GCFE', 'CCIM', 'CISM', 'GCFA', 'CISA', 'CISSP'}
2959839865,Cyber Threat Intelligence Analyst,{'GREM', 'GCTI', 'Security+', 'CEH', 'CISSP'}
2928870644,Information Security Application Analyst,set()
2922905975,Cyber Security Incident Response,{'GCIH', 'GCFE', 'CCIM', 'CISM', 'GCFA', 'CISA', 'CISSP'}
2922910414,Cyber Security Incident Response,{'GCIH', 'GCFE', 'CCIM', 'CISM', 'GCFA', 'CISA', 'CISSP'}
2930150368,Major Incident Manager,set()
2946514668,Incident Response Analyst,set()
2957147619,Incident Response Analyst - SME/Senior/Mid-Level,set()
2911438344,INFORMATION TECHNOLOGY SECURITY ANALYST,set()
2875255222,Intern - Information Security Analyst,set()
2946516346,Incident Response Analyst,set()
2920676030,SOC Analyst,{'Security+', 'Network+', 'GCIH', 'GCFA', 'SSCP'}
2944189680,Director, Incident Response,set()
2911502738,Security Analyst,{'Security+'}
2928357861,Program Manager II, SAIF Incident Response and Remediation,set()
2895815837,Senior Cyber Incident Response Analyst,{'GSEC', 'GREM', 'GCIH', 'GCFA', 'OSCP', 'GIAC'}
2934019116,Digital Forensics & Incident Response (DFIR) Lead,set()
2918210100,Information Security Analyst - Undergraduate Intern,set()
2884856692,Lead Incident and Problem Manager,set()
2921365539,Senior Analyst, IT - Information Protection & Compliance,set()
2939766082,Incident Management Analyst,set()
2924389966,Cybersecurity Consultant, Digital Forensics and Incident Response,set()
2952330518,Digital Forensics & Incident Response (DFIR) Lead,set()
2892391169,Security Operations Analyst - Remote,set()
2922911213,Cyber Security Incident Response,{'GCIH', 'GCFE', 'CCIM', 'CISM', 'GCFA', 'CISA', 'CISSP'}
2934441163,Cyber Security Analyst,{'AWS', 'Cloud+', 'EC-Council', 'ISACA', 'ISCAC', 'SANS', 'ISC'}
2959841507,Cyber Threat Intelligence Analyst,{'GREM', 'GCTI', 'Security+', 'CEH', 'CISSP'}
2936012362,First Responders Email Security Analyst,set()
2946518125,Incident Response Analyst,set()
2922906871,Cyber Security Incident Response,{'GCIH', 'GCFE', 'CCIM', 'CISM', 'GCFA', 'CISA', 'CISSP'}
2866327621,Threat and Vulnerability Analyst,{'GCIH', 'CEH'}
2946514666,Incident Response Analyst,set()
2925485309,Specialist, Digital Forensics and Incident Response,{'CSIH', 'GCIH', 'CISSP', 'CISM', 'GCFA', 'MCSE', 'CCNA', 'IHRP', 'CIH'}
2940423816,SOC Analyst Junior-Level,{'CEH', 'CompTIA', 'CySA+'}
2906717632,Analyst - Cybersecurity,{'GSEC', 'CISSP'}
2926841866,Cybersecurity Specialist,set()
2954610004,Information Security Analyst,set()
2930296525,Cyber Security Operations Center Analyst - Remote,{'GCIA', 'GSEC', 'CISSP'}
2896036053,Cyber Threat Intelligence Analyst,set()
2922411906,Senior Manager, IT Cyber Security,set()
2920846176,SOC Analyst,{'Security+', 'Network+', 'GCIH', 'GCFA', 'SSCP'}
2957101763,REMOTE Information Security Advisor,{'GSEC', 'CERA', 'CGEIT', 'CISM', 'CRISC', 'CISSP'}
2913320346,Cybersecurity Specialist,set()
2928145277,SOC Analyst (Remote - Central),{'GCED', 'GSEC', 'GPEN', 'GWAPRT', 'EC-Council', 'GCIH', 'SANS-GIAC', 'GNFA', 'CCNA', 'GCFA', 'GCIA', 'CompTIA', 'CEH', 'LPT', 'CISCO', 'CISSP'}
2937163669,Information Security Specialist,set()
2936266419,Cyber Security Analyst,set()
2939236154,Information Security Threat Intelligence Analyst - REMOTE,{'GREM', 'GCTI', 'GCIH', 'GCFE', 'OSCP', 'CISSP'}
2916722742,Information Security Officer,{'GSEC', 'Security+', 'CISA', 'CITSM', 'SSCP', 'CISSP', 'GIAC'}
2944152749,Jr Security Analyst,set()
2952686488,Analyst, Information Security Compliance,{'CISA', 'PCIP'}
2923503685,SOC Analyst,{'GSEC', 'GPEN', 'GCIH', 'CASP', 'SAN', 'GIAC', 'CySa+'}
2946516388,Incident Response Analyst,set()
2939232351,Information Security Threat Intelligence Analyst - REMOTE,{'GREM', 'GCTI', 'GCIH', 'GCFE', 'OSCP', 'CISSP'}
2955777188,Information Security Analyst - Full Time (40 hours/week),set()
2847938351,Information Security Engineer (NY),set()
2896035092,Threat Intelligence Analyst,set()
2916771725,Security Analyst,set()
2939236379,Information Security Threat Intelligence Analyst - REMOTE,{'GREM', 'GCTI', 'GCIH', 'GCFE', 'OSCP', 'CISSP'}
2930194193,Security Analyst I,set()
2876503419,Intern - Information Security Analyst,set()
2939231994,Information Security Threat Intelligence Analyst - REMOTE,{'GREM', 'GCTI', 'GCIH', 'GCFE', 'OSCP', 'CISSP'}
2934688115,Senior Manager Law Enforcement and Incident Response,set()
2851352289,CYBERSECURITY ANALYST - CSIRT,{'GCIA', 'GCIH', 'CISSP', 'Security+'}
2944710186,Senior Critical Incident Specialist,set()
2917062394,Information Security Analyst,set()
2959841508,Cyber Threat Intelligence Analyst,{'GREM', 'GCTI', 'Security+', 'CEH', 'CISSP'}
2946514678,Incident Response Analyst,set()
2931366967,INCIDENT RESPONSE ANALYST I,set()
2931038106,Security Operations Analyst,{'ISO'}
2944109762,Cyber Security Analyst (Incident Response),set()
2940756995,Fully Remote / Security Analyst / 120K,set()
2957363883,Cybersecurity Incident Response Liaison,set()
2941803570,Security Analyst,set()
2951309665,Cyber Response Analyst / Cyber Fusion Analyst / Cyber Incident Response,{'GCED', 'GSEC', 'Security+', 'GCIH', 'CCNA-Security', 'CISA', 'GCIA', 'CASP', 'SSCP', 'CISSP', 'CEH'}
2939708707,Information Security Intern,set()
2908041390,Cybersecurity Analyst,set()
2878849419,Privacy Specialist - Products,set()
1074328822,Information Security Analyst,{'GSEC'}
2931113320,Cyber Security Intern,set()
2533591310,Incident Management Analyst,set()
2934620550,Associate Security Testing,set()
2945938709,Incident Response Logging and Monitoring,set()
2926794871,Cyber Security Analyst/Engr,set()
2918121732,Information Technology Intern,{'ITIL', 'PMP'}
2903334442,Information Security incident Response Specialist,set()
2903331031,Information Security Incident Response Specialist,set()
2944505895,Security Analyst,{'CISM', 'CISA', 'CRISC', 'CISSP', 'GIAC'}
2874082984,Security Intern,set()
2943889853,Incident Commander,set()
2922910416,Cyber Security Incident Response,{'GCIH', 'GCFE', 'CCIM', 'CISM', 'GCFA', 'CISA', 'CISSP'}
2917713111,Incident Response Analyst with Security Clearance,set()
2942283938,Associate Security Analyst Intern,set()
2946517182,Incident Response Analyst,set()
2850261382,Lead Incident Response Analyst, Cyber Defense,{'GREM', 'CFR', 'CySA+', 'GCIH', 'GCFA', 'GCIA'}
2925455164,Incident Response Analyst,set()
2943883123,Intern, Information Security Analyst,set()
2930093131,Security Analyst(Remote Work),set()
2922912186,Cyber Security Incident Response,{'GCIH', 'GCFE', 'CCIM', 'CISM', 'GCFA', 'CISA', 'CISSP'}
2922911185,Cyber Security Incident Response,{'GCIH', 'GCFE', 'CCIM', 'CISM', 'GCFA', 'CISA', 'CISSP'}
2929577560,Information Security Specialist,{'GSEC', 'GPEN', 'CGIH', 'CISM', 'HCISPP', 'CCSP', 'CISA', 'GCFA', 'GNFA', 'CEH', 'CRISC', 'CISSP'}
2931112628,Cyber Security Intern,set()
2917533160,Remote Security Risk Analyst,{'CISA', 'CISSP'}
2938191019,Security Analyst - Insider Trust,set()
2923511278,Incident Response Engineer — Automotive Security,set()
2942205918,Information Security Specialist,{'GSEC', 'GPEN', 'CGIH', 'CISM', 'HCISPP', 'CCSP', 'CISA', 'GCFA', 'GNFA', 'CEH', 'CRISC', 'CISSP'}
2921170709,ITSM Services & Incident Response Manager,set()
2929645802,IT Security Intern,set()
2926782757,Info Security Analyst,set()
2952955035,API Incident Support Manager - Multiple Locations,set()
2891061473,Cybersecurity Intern,set()
2875256134,Intern - Information Security Analyst,set()
2945715807,Engineering Manager - Incident Response,set()
2923234204,IT Incident and Escalation Specialist,{'ITIL'}
2915189393,Cybersecurity Analyst,{'CCNP', 'CCNA'}
2807450774,Cybersecurity - Incident Response Analyst,set()
2945936088,Incident Handler-Information Security Specialist I,set()
2838211640,Incident Response Manager,set()
2957100756,REMOTE Information Security Advisor,{'GSEC', 'CERA', 'CGEIT', 'CISM', 'CRISC', 'CISSP'}
2946517476,Cyber Incident Response Analyst,set()
2947362772,Director Cyber Incident Response,set()
2918445710,Security Analyst,set()
2867602465,Lead Threat Analyst, Adult Nudity and Sexual Activity, Harassment and Bullying, and Minors Safety,set()
2930072387,Information Security & Compliance Analyst,{'CISA', 'CISM', 'CISSP'}
2954962495,Cyber Analyst Intern,set()
2923903997,Security Engineer - Incident Response - Remote,{'GWAPT', 'GPEN', 'GREM', 'GCIH', 'CISM', 'GCFA', 'CISA', 'GISEC', 'CEH', 'OSCP', 'CISSP', 'GIAC'}
2885250397,Incident Response Specialist II, Cybersecurity,set()
2937620767,IT Security Internship,set()
2909882450,Remote Information Security Analyst,set()
2866745341,Information Security Analyst,set()
2900783514,Cyber Security Intern,set()
2922906913,Cyber Security Incident Response,{'GCIH', 'GCFE', 'CCIM', 'CISM', 'GCFA', 'CISA', 'CISSP'}
2957912211,Service Availability Analyst,set()
2946513947,Incident Response Analyst,set()
2946514880,Incident Response Analyst,set()
2876503431,Intern - Information Security Analyst,set()
2950333751,Security Analyst II - Weekday Days (remote),{'EC-Council', 'GCIH', 'Sec+', 'CySA', 'GCIA', 'SANS', 'CompTIA', 'Net+', 'CEH'}
2946513961,Incident Response Analyst,set()
2946518381,Incident Response Analyst,set()
2942930531,Security Incident Response Associate,{'CEH', 'CySA+', 'Security+'}
2927743436,Incident Manager,{'ITIL'}
2935803290,Information Security Analyst,set()
2937657041,Security Incident Response Analyst I,set()
2884155910,IT Security,set()
2922948561,Information Security Manager, Engineering (Remote - CA, TX, FL, NV),{'CISSP', 'CCNP', 'CISM'}
2845262695,IT Security Analyst,set()
2946516658,Cyber Incident Response Analyst,set()
2882082081,Vulnerability Analyst,set()
2922913010,Cyber Security Incident Response,{'GCIH', 'GCFE', 'CCIM', 'CISM', 'GCFA', 'CISA', 'CISSP'}
2903448422,Problem and Incident Analyst,{'ITIL'}
2949812785,Associate Incident Response Consultant - Entry Level 2022,set()
2912956444,ITIL Incident Response Manager,{'ITIL'}
2850260415,Lead Incident Response Analyst, Cyber Defense,{'GREM', 'CFR', 'CySA+', 'GCIH', 'GCFA', 'GCIA'}
2938195858,Associate Specialist, Information Security Rotation Program (Remote),set()
2799943401,Director, Incident Response,set()
2955747843,Deloitte Technology Summer Intern,set()
2838511935,Incident Response Engineer,set()
2934130945,Information Security Analyst - Staff,set()
2922911188,Cyber Security Incident Response,{'GCIH', 'GCFE', 'CCIM', 'CISM', 'GCFA', 'CISA', 'CISSP'}
2903566545,Summer 2022 Global Security Internship,set()
2931679733,SR Info Security Analyst - Remote,{'GSEC', 'CISM', 'HCISPP', 'OSCP', 'CISSP'}
2957103472,REMOTE Information Security Advisor,{'GSEC', 'CERA', 'CGEIT', 'CISM', 'CRISC', 'CISSP'}
2946518096,Cyber Incident Response Analyst,set()
2943927191,Information Security Manager (Remote),set()
2928358309,Information Security Compliance Analyst,{'CISM', 'CCNA', 'CEH', 'CMMC', 'CISSP'}
2946517153,Cyber Incident Response Analyst,set()
2951346443,IT Security and Compliance Administrator,set()
2920507314,IT Security Analyst I,set()
2928344138,Security Engineer - Offensive Security,{'AWS'}
2944196693,First Responders Email Security Analyst,set()
2939232378,Information Security Threat Intelligence Analyst - REMOTE,{'GREM', 'GCTI', 'GCIH', 'GCFE', 'OSCP', 'CISSP'}
2881197569,Lead Problem Manager,set()
2903566551,Summer 2022 Global Security Internship,set()
2918156234,Incident Response/SOC Analyst,{'GIAC-GCFA', 'GIAC-GCFE'}
2944388675,Information Security Analyst - Remote,set()
2922907500,Cyber Security Incident Response,{'GCIH', 'GCFE', 'CCIM', 'CISM', 'GCFA', 'CISA', 'CISSP'}
2915300779,Cybersecurity Intern,set()
2947020928,Information Security Governance Analyst,{'CISA', 'Security+'}
2932747543,Incident Manager,{'ITIL'}
2859942972,Director Information Security,set()
2797251816,Sr. Incident Remediation Manager III,set()
2911726666,Information Security Manager- Remote Opportunity,set()
2952164698,Incident Response Analyst,{'CFE', 'CISA', 'CEH', 'OSCP', 'GIAC'}
2921677423,Associate, Information Security,set()
2904349417,Associate, Cyber Risk,{'GCWN', 'GREM', 'GCIH', 'GCIA', 'CISSP'}
2957101704,REMOTE Information Security Advisor,{'GSEC', 'CERA', 'CGEIT', 'CISM', 'CRISC', 'CISSP'}
2922566754,Director, Information Security,set()
2925416093,Jr Security Analyst,{'D-8570', 'Security+', 'GCIH', 'SIEM-specific', 'GCIA', 'SANS', 'CASP', 'IAT', 'CISSP', 'GIAC'}
2808546721,Cybersecurity Incident Response Analyst,set()
2823253351,Security Operations Center (SOC) Analyst I,{'CompTIA'}
2924938441,IT Support Analyst,set()
2942587697,Cyber-Incident Response Subject Matter Expert (SME),set()
2929523413,Senior Cyber Security Analyst (Open to remote work, except the following locations: SD, VT, and WV),{'CISSP', 'GIAC'}
2911698713,Cloud Security Monitoring and Response Analyst,{'AWS'}
2770221111,Information Security Analyst (contract),set()
2922910406,Cyber Security Incident Response,{'GCIH', 'GCFE', 'CCIM', 'CISM', 'GCFA', 'CISA', 'CISSP'}
2850812330,Business Continuity Region Incident Manager: Western U.S.; Hybrid WFH,{'ABCP', 'CBCP'}
2922983225,IT Security Analyst I,set()
2937623265,Security Analyst,{'GCED', 'Security+', 'GCIH', 'GCFA', 'CISA', 'CEH', 'CASP+', 'CISSP'}
2950300388,Cybersecurity Analyst,set()
2921316319,Information Security Analyst,set()
2931090129,Information Security Analyst,set()
2957592091,Security Analyst,{'Network+', 'A+', 'Security+'}
2934165212,IJP- Incident Response Lead,set()
2945932441,Associate Incident and Threat Analyst,set()
2927508812,Cyber Security Analyst - Remote,{'AWS', 'CompTIA', 'Security+'}
2933178226,Information Security Analyst - ISC Office of Information Security,set()
2921428965,IT Security Engineer - Incident Response,set()
2919742285,Cyber Security Defense Analyst- (Entry Level),{'D-8570', 'CYSA+', 'Security+', 'CEH', 'CISSP'}
2920990711,Cybersecurity Analyst,set()
